FIRE,pitch,yaw,tick,steamid,name
False,8.183777,52.719955,121918,76561198113666193,ZywOo
False,8.315964,52.85179,121919,76561198113666193,ZywOo
False,8.359909,52.939682,121920,76561198113666193,ZywOo
False,8.403854,52.939682,121921,76561198113666193,ZywOo
False,8.4478,52.895737,121922,76561198113666193,ZywOo
False,8.536041,52.895737,121923,76561198113666193,ZywOo
False,8.7118225,53.423767,121924,76561198113666193,ZywOo
False,9.019775,55.09575,121925,76561198113666193,ZywOo
False,9.459915,57.867737,121926,76561198113666193,ZywOo
False,10.251953,62.751846,121927,76561198113666193,ZywOo
False,11.219788,70.23181,121928,76561198113666193,ZywOo
False,11.659927,76.91974,121929,76561198113666193,ZywOo
False,12.055786,86.24783,121930,76561198113666193,ZywOo
False,12.144012,96.06,121931,76561198113666193,ZywOo
False,11.880005,105.60779,121932,76561198113666193,ZywOo
False,11.43985,113.83588,121933,76561198113666193,ZywOo
False,10.647812,119.86392,121934,76561198113666193,ZywOo
False,9.679993,124.5719,121935,76561198113666193,ZywOo
False,8.755768,129.05981,121936,76561198113666193,ZywOo
False,7.7879333,132.49203,121937,76561198113666193,ZywOo
False,7.0398254,134.69171,121938,76561198113666193,ZywOo
False,6.5557556,136.05573,121939,76561198113666193,ZywOo
False,6.336029,136.75989,121940,76561198113666193,ZywOo
False,6.159897,137.3758,121941,76561198113666193,ZywOo
False,6.072006,137.77197,121942,76561198113666193,ZywOo
False,6.028061,138.07996,121943,76561198113666193,ZywOo
False,6.028061,138.30002,121944,76561198113666193,ZywOo
False,5.9837646,138.38791,121945,76561198113666193,ZywOo
False,5.9837646,138.38791,121946,76561198113666193,ZywOo
False,5.9837646,138.16785,121947,76561198113666193,ZywOo
False,5.9837646,137.24396,121948,76561198113666193,ZywOo
False,6.1159515,135.22006,121949,76561198113666193,ZywOo
False,6.4239197,131.69998,121950,76561198113666193,ZywOo
False,6.819763,126.46396,121951,76561198113666193,ZywOo
False,7.391739,119.512024,121952,76561198113666193,ZywOo
False,8.007996,110.88776,121953,76561198113666193,ZywOo
False,8.579987,102.30777,121954,76561198113666193,ZywOo
False,9.195892,91.65997,121955,76561198113666193,ZywOo
False,9.723938,80.70386,121956,76561198113666193,ZywOo
False,10.163727,69.967804,121957,76561198113666193,ZywOo
False,10.383789,60.155975,121958,76561198113666193,ZywOo
False,10.603867,52.32376,121959,76561198113666193,ZywOo
False,10.823944,45.81195,121960,76561198113666193,ZywOo
False,11.087952,41.23581,121961,76561198113666193,ZywOo
False,11.395905,38.244095,121962,76561198113666193,ZywOo
False,11.615982,36.70395,121963,76561198113666193,ZywOo
False,11.791763,35.47177,121964,76561198113666193,ZywOo
False,11.880005,34.680054,121965,76561198113666193,ZywOo
False,11.880005,34.23993,121966,76561198113666193,ZywOo
False,11.880005,33.93196,121967,76561198113666193,ZywOo
False,11.880005,33.711884,121968,76561198113666193,ZywOo
False,11.835709,33.49182,121969,76561198113666193,ZywOo
False,11.835709,33.227814,121970,76561198113666193,ZywOo
False,11.880005,32.831955,121971,76561198113666193,ZywOo
False,11.9678955,32.34787,121972,76561198113666193,ZywOo
False,12.055786,31.863785,121973,76561198113666193,ZywOo
False,12.144012,31.42398,121974,76561198113666193,ZywOo
False,12.275848,30.93991,121975,76561198113666193,ZywOo
False,12.363739,30.45581,121976,76561198113666193,ZywOo
False,12.40802,29.839905,121977,76561198113666193,ZywOo
False,12.451965,29.180023,121978,76561198113666193,ZywOo
False,12.451965,28.475876,121979,76561198113666193,ZywOo
False,12.451965,27.9039,121980,76561198113666193,ZywOo
False,12.451965,27.37587,121981,76561198113666193,ZywOo
False,12.40802,26.980011,121982,76561198113666193,ZywOo
False,12.363739,26.583832,121983,76561198113666193,ZywOo
False,12.275848,26.100082,121984,76561198113666193,ZywOo
False,12.144012,25.615997,121985,76561198113666193,ZywOo
False,12.055786,25.087967,121986,76561198113666193,ZywOo
False,11.92395,24.647827,121987,76561198113666193,ZywOo
False,11.880005,24.251984,121988,76561198113666193,ZywOo
False,11.835709,23.944016,121989,76561198113666193,ZywOo
False,11.791763,23.723938,121990,76561198113666193,ZywOo
False,11.747818,23.45993,121991,76561198113666193,ZywOo
False,11.747818,23.195923,121992,76561198113666193,ZywOo
False,11.703873,22.887955,121993,76561198113666193,ZywOo
False,11.659927,22.623932,121994,76561198113666193,ZywOo
False,11.659927,22.359924,121995,76561198113666193,ZywOo
False,11.659927,22.139862,121996,76561198113666193,ZywOo
False,11.659927,21.96408,121997,76561198113666193,ZywOo
False,11.659927,21.700058,121998,76561198113666193,ZywOo
False,11.659927,21.436035,121999,76561198113666193,ZywOo
False,11.659927,21.039856,122000,76561198113666193,ZywOo
False,11.615982,20.687943,122001,76561198113666193,ZywOo
False,11.615982,20.33603,122002,76561198113666193,ZywOo
False,11.615982,20.115967,122003,76561198113666193,ZywOo
False,11.615982,19.85196,122004,76561198113666193,ZywOo
False,11.615982,19.631882,122005,76561198113666193,ZywOo
False,11.615982,19.411804,122006,76561198113666193,ZywOo
False,11.615982,19.147797,122007,76561198113666193,ZywOo
False,11.615982,18.795898,122008,76561198113666193,ZywOo
False,11.572037,18.443985,122009,76561198113666193,ZywOo
False,11.572037,18.04779,122010,76561198113666193,ZywOo
False,11.5277405,17.695892,122011,76561198113666193,ZywOo
False,11.5277405,17.387924,122012,76561198113666193,ZywOo
False,11.5277405,17.03601,122013,76561198113666193,ZywOo
False,11.5277405,16.639832,122014,76561198113666193,ZywOo
False,11.483795,16.200027,122015,76561198113666193,ZywOo
False,11.483795,15.847778,122016,76561198113666193,ZywOo
False,11.43985,15.49588,122017,76561198113666193,ZywOo
False,11.43985,15.231857,122018,76561198113666193,ZywOo
False,11.43985,14.923889,122019,76561198113666193,ZywOo
False,11.395905,14.659882,122020,76561198113666193,ZywOo
False,11.395905,14.439819,122021,76561198113666193,ZywOo
False,11.395905,14.220093,122022,76561198113666193,ZywOo
False,11.351959,14.043961,122023,76561198113666193,ZywOo
False,11.351959,13.823883,122024,76561198113666193,ZywOo
False,11.351959,13.603821,122025,76561198113666193,ZywOo
False,11.308014,13.384094,122026,76561198113666193,ZywOo
False,11.263733,13.164032,122027,76561198113666193,ZywOo
False,11.263733,12.900009,122028,76561198113666193,ZywOo
False,11.219788,12.54776,122029,76561198113666193,ZywOo
False,11.175842,12.195862,122030,76561198113666193,ZywOo
False,11.087952,11.843948,122031,76561198113666193,ZywOo
False,11.044006,11.492035,122032,76561198113666193,ZywOo
False,11.000061,11.184082,122033,76561198113666193,ZywOo
False,10.95578,10.920074,122034,76561198113666193,ZywOo
False,10.867889,10.699997,122035,76561198113666193,ZywOo
False,10.823944,10.479919,122036,76561198113666193,ZywOo
False,10.736053,10.259857,122037,76561198113666193,ZywOo
False,10.691757,10.171967,122038,76561198113666193,ZywOo
False,10.647812,9.99585,122039,76561198113666193,ZywOo
False,10.603867,9.864014,122040,76561198113666193,ZywOo
False,10.603867,9.731827,122041,76561198113666193,ZywOo
False,10.559921,9.556046,122042,76561198113666193,ZywOo
False,10.515976,9.335968,122043,76561198113666193,ZywOo
False,10.472031,9.159851,122044,76561198113666193,ZywOo
False,10.427734,8.98407,122045,76561198113666193,ZywOo
False,10.383789,8.807953,122046,76561198113666193,ZywOo
False,10.339844,8.631821,122047,76561198113666193,ZywOo
False,10.295898,8.456039,122048,76561198113666193,ZywOo
False,10.251953,8.279907,122049,76561198113666193,ZywOo
False,10.208008,8.10379,122050,76561198113666193,ZywOo
False,10.208008,7.8840637,122051,76561198113666193,ZywOo
False,10.163727,7.6640015,122052,76561198113666193,ZywOo
False,10.1197815,7.5318146,122053,76561198113666193,ZywOo
False,10.075836,7.3560333,122054,76561198113666193,ZywOo
False,10.031891,7.2238464,122055,76561198113666193,ZywOo
False,10.031891,7.0920105,122056,76561198113666193,ZywOo
False,9.987946,6.9158936,122057,76561198113666193,ZywOo
False,9.987946,6.7840576,122058,76561198113666193,ZywOo
False,9.944,6.6958313,122059,76561198113666193,ZywOo
False,9.944,6.6079407,122060,76561198113666193,ZywOo
False,9.900055,6.5639954,122061,76561198113666193,ZywOo
False,9.900055,6.4761047,122062,76561198113666193,ZywOo
False,9.855774,6.387863,122063,76561198113666193,ZywOo
False,9.811829,6.2999725,122064,76561198113666193,ZywOo
False,9.767883,6.212082,122065,76561198113666193,ZywOo
False,9.767883,6.079895,122066,76561198113666193,ZywOo
False,9.723938,5.948059,122067,76561198113666193,ZywOo
False,9.679993,5.771942,122068,76561198113666193,ZywOo
False,9.636047,5.640106,122069,76561198113666193,ZywOo
False,9.636047,5.4639893,122070,76561198113666193,ZywOo
False,9.591751,5.287857,122071,76561198113666193,ZywOo
False,9.591751,5.156021,122072,76561198113666193,ZywOo
False,9.547806,5.023834,122073,76561198113666193,ZywOo
False,9.547806,4.848053,122074,76561198113666193,ZywOo
False,9.547806,4.7158813,122075,76561198113666193,ZywOo
False,9.50386,4.5840454,122076,76561198113666193,ZywOo
False,9.50386,4.495819,122077,76561198113666193,ZywOo
False,9.459915,4.4079285,122078,76561198113666193,ZywOo
False,9.41597,4.320038,122079,76561198113666193,ZywOo
False,9.41597,4.187851,122080,76561198113666193,ZywOo
False,9.372025,4.0999603,122081,76561198113666193,ZywOo
False,9.372025,4.0120697,122082,76561198113666193,ZywOo
False,9.327728,3.8798828,122083,76561198113666193,ZywOo
False,9.283783,3.7919922,122084,76561198113666193,ZywOo
False,9.283783,3.7041016,122085,76561198113666193,ZywOo
False,9.239838,3.6158752,122086,76561198113666193,ZywOo
False,9.239838,3.5279846,122087,76561198113666193,ZywOo
False,9.239838,3.440094,122088,76561198113666193,ZywOo
False,9.195892,3.395813,122089,76561198113666193,ZywOo
False,9.151947,3.3079224,122090,76561198113666193,ZywOo
False,9.151947,3.3079224,122091,76561198113666193,ZywOo
False,9.108002,3.263977,122092,76561198113666193,ZywOo
False,9.064056,3.2200317,122093,76561198113666193,ZywOo
False,9.019775,3.1760864,122094,76561198113666193,ZywOo
False,8.97583,3.1317902,122095,76561198113666193,ZywOo
False,8.931885,3.1317902,122096,76561198113666193,ZywOo
False,8.931885,3.0878448,122097,76561198113666193,ZywOo
False,8.887939,3.0878448,122098,76561198113666193,ZywOo
False,8.887939,3.0878448,122099,76561198113666193,ZywOo
False,8.887939,3.0878448,122100,76561198113666193,ZywOo
False,8.887939,3.0438995,122101,76561198113666193,ZywOo
False,8.843994,3.0438995,122102,76561198113666193,ZywOo
False,8.843994,2.9999542,122103,76561198113666193,ZywOo
False,8.800049,2.956009,122104,76561198113666193,ZywOo
False,8.755768,2.9120636,122105,76561198113666193,ZywOo
False,8.755768,2.823822,122106,76561198113666193,ZywOo
False,8.7118225,2.7798767,122107,76561198113666193,ZywOo
False,8.7118225,2.7359314,122108,76561198113666193,ZywOo
False,8.667877,2.691986,122109,76561198113666193,ZywOo
False,8.667877,2.6480408,122110,76561198113666193,ZywOo
False,8.623932,2.6480408,122111,76561198113666193,ZywOo
False,8.623932,2.6040955,122112,76561198113666193,ZywOo
False,8.623932,2.6040955,122113,76561198113666193,ZywOo
False,8.623932,2.5598145,122114,76561198113666193,ZywOo
False,8.623932,2.5598145,122115,76561198113666193,ZywOo
False,8.623932,2.5598145,122116,76561198113666193,ZywOo
False,8.623932,2.5158691,122117,76561198113666193,ZywOo
False,8.623932,2.5158691,122118,76561198113666193,ZywOo
False,8.623932,2.5158691,122119,76561198113666193,ZywOo
False,8.623932,2.5158691,122120,76561198113666193,ZywOo
False,8.623932,2.5158691,122121,76561198113666193,ZywOo
False,8.579987,2.5158691,122122,76561198113666193,ZywOo
False,8.579987,2.5158691,122123,76561198113666193,ZywOo
False,8.579987,2.5158691,122124,76561198113666193,ZywOo
False,8.579987,2.4719238,122125,76561198113666193,ZywOo
False,8.536041,2.4719238,122126,76561198113666193,ZywOo
False,8.536041,2.4719238,122127,76561198113666193,ZywOo
False,8.491745,2.4719238,122128,76561198113666193,ZywOo
False,8.4478,2.4719238,122129,76561198113666193,ZywOo
False,8.359909,2.5598145,122130,76561198113666193,ZywOo
False,8.228073,2.823822,122131,76561198113666193,ZywOo
False,8.095886,3.5279846,122132,76561198113666193,ZywOo
False,8.095886,5.3318024,122133,76561198113666193,ZywOo
False,8.536041,8.456039,122134,76561198113666193,ZywOo
False,9.855774,14.571991,122135,76561198113666193,ZywOo
False,11.880005,23.723938,122136,76561198113666193,ZywOo
False,14.255798,35.73578,122137,76561198113666193,ZywOo
False,16.719818,49.640015,122138,76561198113666193,ZywOo
False,18.83194,63.807907,122139,76561198113666193,ZywOo
False,20.503922,79.956085,122140,76561198113666193,ZywOo
False,21.427795,96.50012,122141,76561198113666193,ZywOo
False,21.559982,110.53586,122142,76561198113666193,ZywOo
False,20.855835,125.012054,122143,76561198113666193,ZywOo
False,19.711884,137.24396,122144,76561198113666193,ZywOo
False,18.523987,146.43985,122145,76561198113666193,ZywOo
False,17.380035,152.42398,122146,76561198113666193,ZywOo
False,16.323975,154.888,122147,76561198113666193,ZywOo
False,15.795929,154.93195,122148,76561198113666193,ZywOo
False,15.795929,154.888,122149,76561198113666193,ZywOo
False,15.795929,154.888,122150,76561198113666193,ZywOo
False,15.795929,154.888,122151,76561198113666193,ZywOo
False,15.795929,154.888,122152,76561198113666193,ZywOo
False,15.795929,154.888,122153,76561198113666193,ZywOo
False,15.795929,154.888,122154,76561198113666193,ZywOo
False,15.795929,154.888,122155,76561198113666193,ZywOo
False,15.795929,154.888,122156,76561198113666193,ZywOo
False,15.795929,154.888,122157,76561198113666193,ZywOo
False,15.795929,154.888,122158,76561198113666193,ZywOo
False,15.795929,154.888,122159,76561198113666193,ZywOo
False,15.795929,154.888,122160,76561198113666193,ZywOo
False,15.795929,154.888,122161,76561198113666193,ZywOo
False,15.795929,154.888,122162,76561198113666193,ZywOo
False,15.795929,154.888,122163,76561198113666193,ZywOo
False,15.795929,154.888,122164,76561198113666193,ZywOo
False,15.795929,154.888,122165,76561198113666193,ZywOo
False,15.795929,154.888,122166,76561198113666193,ZywOo
False,15.708038,155.06412,122167,76561198113666193,ZywOo
False,15.400085,156.03195,122168,76561198113666193,ZywOo
False,14.872055,156.9119,122169,76561198113666193,ZywOo
False,14.255798,157.48386,122170,76561198113666193,ZywOo
False,13.727753,157.70392,122171,76561198113666193,ZywOo
False,13.067902,157.92401,122172,76561198113666193,ZywOo
False,12.364075,158.05618,122173,76561198113666193,ZywOo
False,11.703873,158.23196,122174,76561198113666193,ZywOo
False,11.175842,158.45203,122175,76561198113666193,ZywOo
False,10.736053,158.89218,122176,76561198113666193,ZywOo
False,10.428085,159.4202,122177,76561198113666193,ZywOo
False,10.208008,159.99219,122178,76561198113666193,ZywOo
False,9.987946,160.56415,122179,76561198113666193,ZywOo
False,9.767883,161.00397,122180,76561198113666193,ZywOo
False,9.591751,161.22403,122181,76561198113666193,ZywOo
False,9.41597,161.3562,122182,76561198113666193,ZywOo
False,9.239838,161.40015,122183,76561198113666193,ZywOo
False,9.108002,161.48804,122184,76561198113666193,ZywOo
False,8.97583,161.53232,122185,76561198113666193,ZywOo
False,8.887939,161.57626,122186,76561198113666193,ZywOo
False,8.800049,161.62021,122187,76561198113666193,ZywOo
False,8.800049,161.66415,122188,76561198113666193,ZywOo
False,8.755768,161.7081,122189,76561198113666193,ZywOo
False,8.755768,161.7081,122190,76561198113666193,ZywOo
False,8.755768,161.66415,122191,76561198113666193,ZywOo
False,8.755768,161.26831,122192,76561198113666193,ZywOo
False,8.755768,160.12402,122193,76561198113666193,ZywOo
False,8.667877,157.61603,122194,76561198113666193,ZywOo
False,8.536041,153.17206,122195,76561198113666193,ZywOo
False,8.403854,146.96823,122196,76561198113666193,ZywOo
False,8.492096,137.46402,122197,76561198113666193,ZywOo
False,8.843994,128.26813,122198,76561198113666193,ZywOo
False,9.41597,115.46423,122199,76561198113666193,ZywOo
False,10.1197815,101.3403,122200,76561198113666193,ZywOo
False,10.472031,87.48001,122201,76561198113666193,ZywOo
False,10.603867,72.56401,122202,76561198113666193,ZywOo
False,10.691757,57.11998,122203,76561198113666193,ZywOo
False,10.779999,43.524048,122204,76561198113666193,ZywOo
False,10.383789,33.536102,122205,76561198113666193,ZywOo
False,9.900055,20.732239,122206,76561198113666193,ZywOo
False,9.459915,13.471985,122207,76561198113666193,ZywOo
False,9.064056,6.344269,122208,76561198113666193,ZywOo
False,8.887939,1.4161987,122209,76561198113666193,ZywOo
False,9.019775,-1.1799927,122210,76561198113666193,ZywOo
False,9.239838,-1.7519836,122211,76561198113666193,ZywOo
False,9.239838,-1.7519836,122212,76561198113666193,ZywOo
False,9.239838,-1.7519836,122213,76561198113666193,ZywOo
False,9.239838,-1.7519836,122214,76561198113666193,ZywOo
False,9.239838,-1.7519836,122215,76561198113666193,ZywOo
False,9.239838,-1.7519836,122216,76561198113666193,ZywOo
False,9.239838,-1.7519836,122217,76561198113666193,ZywOo
False,9.239838,-1.7519836,122218,76561198113666193,ZywOo
False,9.239838,-1.7519836,122219,76561198113666193,ZywOo
False,9.239838,-1.7519836,122220,76561198113666193,ZywOo
False,9.239838,-1.7519836,122221,76561198113666193,ZywOo
False,9.239838,-1.7519836,122222,76561198113666193,ZywOo
False,9.239838,-1.7519836,122223,76561198113666193,ZywOo
False,9.151947,-1.7519836,122224,76561198113666193,ZywOo
False,8.887939,-1.6637421,122225,76561198113666193,ZywOo
False,8.623932,-1.6197968,122226,76561198113666193,ZywOo
False,8.359909,-1.5758514,122227,76561198113666193,ZywOo
False,8.139832,-1.4879608,122228,76561198113666193,ZywOo
False,7.9640503,-1.4440155,122229,76561198113666193,ZywOo
False,7.875824,-1.4440155,122230,76561198113666193,ZywOo
False,7.7879333,-1.3997192,122231,76561198113666193,ZywOo
False,7.7879333,-1.223938,122232,76561198113666193,ZywOo
False,7.743988,-0.8277588,122233,76561198113666193,ZywOo
False,7.743988,0.14007568,122234,76561198113666193,ZywOo
False,7.9197693,2.0760803,122235,76561198113666193,ZywOo
False,8.315964,5.2442627,122236,76561198113666193,ZywOo
False,8.931885,9.599991,122237,76561198113666193,ZywOo
False,9.987946,14.264038,122238,76561198113666193,ZywOo
False,10.867889,22.008026,122239,76561198113666193,ZywOo
False,11.351959,29.532288,122240,76561198113666193,ZywOo
False,12.495911,40.13614,122241,76561198113666193,ZywOo
False,13.94783,51.22409,122242,76561198113666193,ZywOo
False,14.872055,62.840088,122243,76561198113666193,ZywOo
False,15.355804,74.76402,122244,76561198113666193,ZywOo
False,15.444031,89.15198,122245,76561198113666193,ZywOo
False,14.959946,103.716095,122246,76561198113666193,ZywOo
False,13.903885,117.70819,122247,76561198113666193,ZywOo
False,12.231903,129.94012,122248,76561198113666193,ZywOo
False,10.647812,139.7962,122249,76561198113666193,ZywOo
False,9.195892,146.52808,122250,76561198113666193,ZywOo
False,7.567871,152.42398,122251,76561198113666193,ZywOo
False,6.3799744,155.988,122252,76561198113666193,ZywOo
False,5.8079834,157.17624,122253,76561198113666193,ZywOo
False,5.8079834,157.17624,122254,76561198113666193,ZywOo
False,5.8079834,157.17624,122255,76561198113666193,ZywOo
False,5.8079834,157.17624,122256,76561198113666193,ZywOo
False,5.8079834,157.17624,122257,76561198113666193,ZywOo
False,5.8079834,157.17624,122258,76561198113666193,ZywOo
False,5.8079834,157.17624,122259,76561198113666193,ZywOo
False,5.8079834,157.17624,122260,76561198113666193,ZywOo
False,5.8079834,157.17624,122261,76561198113666193,ZywOo
False,5.8079834,157.17624,122262,76561198113666193,ZywOo
False,5.8079834,157.17624,122263,76561198113666193,ZywOo
False,5.8079834,157.17624,122264,76561198113666193,ZywOo
False,5.8079834,157.17624,122265,76561198113666193,ZywOo
False,5.8079834,157.17624,122266,76561198113666193,ZywOo
False,5.8079834,157.22018,122267,76561198113666193,ZywOo
False,5.9398193,157.70428,122268,76561198113666193,ZywOo
False,6.028061,158.32019,122269,76561198113666193,ZywOo
False,6.028061,158.89218,122270,76561198113666193,ZywOo
False,5.9837646,159.4202,122271,76561198113666193,ZywOo
False,5.895874,159.81604,122272,76561198113666193,ZywOo
False,5.8079834,160.12436,122273,76561198113666193,ZywOo
False,5.764038,160.30014,122274,76561198113666193,ZywOo
False,5.675812,160.43231,122275,76561198113666193,ZywOo
False,5.587921,160.47626,122276,76561198113666193,ZywOo
False,5.5000305,160.5202,122277,76561198113666193,ZywOo
False,5.456085,160.5202,122278,76561198113666193,ZywOo
False,5.367859,160.56415,122279,76561198113666193,ZywOo
False,5.2799683,160.56415,122280,76561198113666193,ZywOo
False,5.1920776,160.60846,122281,76561198113666193,ZywOo
False,5.0598907,160.6524,122282,76561198113666193,ZywOo
False,4.972,160.69635,122283,76561198113666193,ZywOo
False,4.8837585,160.7403,122284,76561198113666193,ZywOo
False,4.839813,160.78424,122285,76561198113666193,ZywOo
False,4.839813,160.82819,122286,76561198113666193,ZywOo
False,4.795868,160.82819,122287,76561198113666193,ZywOo
False,4.795868,160.82819,122288,76561198113666193,ZywOo
False,4.795868,160.82819,122289,76561198113666193,ZywOo
False,4.795868,160.82819,122290,76561198113666193,ZywOo
False,4.795868,160.87247,122291,76561198113666193,ZywOo
False,4.7519226,160.87247,122292,76561198113666193,ZywOo
False,4.7079773,160.87247,122293,76561198113666193,ZywOo
False,4.664032,160.87247,122294,76561198113666193,ZywOo
False,4.6200867,160.87247,122295,76561198113666193,ZywOo
False,4.5318604,160.87247,122296,76561198113666193,ZywOo
False,4.5318604,160.87247,122297,76561198113666193,ZywOo
False,4.487915,160.87247,122298,76561198113666193,ZywOo
False,4.487915,160.87247,122299,76561198113666193,ZywOo
False,4.487915,160.87247,122300,76561198113666193,ZywOo
False,4.487915,160.87247,122301,76561198113666193,ZywOo
False,4.487915,160.91641,122302,76561198113666193,ZywOo
False,4.487915,160.91641,122303,76561198113666193,ZywOo
False,4.487915,160.91641,122304,76561198113666193,ZywOo
False,4.487915,160.91641,122305,76561198113666193,ZywOo
False,4.487915,160.91641,122306,76561198113666193,ZywOo
False,4.487915,160.91641,122307,76561198113666193,ZywOo
False,4.487915,160.91641,122308,76561198113666193,ZywOo
False,4.487915,160.96036,122309,76561198113666193,ZywOo
False,4.487915,160.96036,122310,76561198113666193,ZywOo
False,4.487915,160.96036,122311,76561198113666193,ZywOo
False,4.487915,160.96036,122312,76561198113666193,ZywOo
False,4.487915,161.0043,122313,76561198113666193,ZywOo
False,4.487915,161.0043,122314,76561198113666193,ZywOo
False,4.487915,161.0043,122315,76561198113666193,ZywOo
False,4.487915,161.0043,122316,76561198113666193,ZywOo
False,4.487915,161.0043,122317,76561198113666193,ZywOo
False,4.487915,161.0043,122318,76561198113666193,ZywOo
False,4.487915,161.0043,122319,76561198113666193,ZywOo
False,4.487915,161.0043,122320,76561198113666193,ZywOo
False,4.487915,161.0043,122321,76561198113666193,ZywOo
False,4.487915,161.0043,122322,76561198113666193,ZywOo
False,4.487915,161.0043,122323,76561198113666193,ZywOo
False,4.487915,161.0043,122324,76561198113666193,ZywOo
False,4.487915,161.0043,122325,76561198113666193,ZywOo
False,4.487915,161.0043,122326,76561198113666193,ZywOo
False,4.487915,161.0043,122327,76561198113666193,ZywOo
False,4.487915,161.0043,122328,76561198113666193,ZywOo
False,4.487915,161.0043,122329,76561198113666193,ZywOo
False,4.487915,161.0043,122330,76561198113666193,ZywOo
False,4.487915,161.0043,122331,76561198113666193,ZywOo
False,4.487915,161.0043,122332,76561198113666193,ZywOo
False,4.487915,161.0043,122333,76561198113666193,ZywOo
False,4.487915,161.0043,122334,76561198113666193,ZywOo
False,4.487915,161.0043,122335,76561198113666193,ZywOo
False,4.487915,161.0043,122336,76561198113666193,ZywOo
False,4.487915,161.0043,122337,76561198113666193,ZywOo
False,4.487915,161.0043,122338,76561198113666193,ZywOo
False,4.487915,161.0043,122339,76561198113666193,ZywOo
False,4.487915,161.0043,122340,76561198113666193,ZywOo
False,4.487915,161.0043,122341,76561198113666193,ZywOo
False,4.487915,161.0043,122342,76561198113666193,ZywOo
False,4.487915,161.0043,122343,76561198113666193,ZywOo
False,4.487915,161.0043,122344,76561198113666193,ZywOo
False,4.487915,161.0043,122345,76561198113666193,ZywOo
False,4.487915,161.0043,122346,76561198113666193,ZywOo
False,4.487915,161.0043,122347,76561198113666193,ZywOo
False,4.487915,161.0043,122348,76561198113666193,ZywOo
False,4.487915,161.0043,122349,76561198113666193,ZywOo
False,4.487915,161.0043,122350,76561198113666193,ZywOo
False,4.487915,161.0043,122351,76561198113666193,ZywOo
False,4.487915,161.0043,122352,76561198113666193,ZywOo
False,4.487915,161.0043,122353,76561198113666193,ZywOo
False,4.487915,161.0043,122354,76561198113666193,ZywOo
False,4.487915,161.0043,122355,76561198113666193,ZywOo
False,4.487915,161.0043,122356,76561198113666193,ZywOo
False,4.487915,161.0043,122357,76561198113666193,ZywOo
False,4.487915,161.0043,122358,76561198113666193,ZywOo
False,4.487915,161.0043,122359,76561198113666193,ZywOo
False,4.487915,161.0043,122360,76561198113666193,ZywOo
False,4.487915,161.0043,122361,76561198113666193,ZywOo
False,4.487915,161.0043,122362,76561198113666193,ZywOo
False,4.487915,161.0043,122363,76561198113666193,ZywOo
False,4.487915,161.0043,122364,76561198113666193,ZywOo
False,4.487915,161.0043,122365,76561198113666193,ZywOo
False,4.487915,161.0043,122366,76561198113666193,ZywOo
False,4.487915,161.0043,122367,76561198113666193,ZywOo
False,4.487915,161.0043,122368,76561198113666193,ZywOo
False,4.487915,161.0043,122369,76561198113666193,ZywOo
False,4.487915,161.0043,122370,76561198113666193,ZywOo
False,4.487915,161.0043,122371,76561198113666193,ZywOo
False,4.487915,161.0043,122372,76561198113666193,ZywOo
False,4.487915,161.0043,122373,76561198113666193,ZywOo
False,4.487915,161.0043,122374,76561198113666193,ZywOo
False,4.487915,161.0043,122375,76561198113666193,ZywOo
False,4.487915,161.0043,122376,76561198113666193,ZywOo
False,4.487915,161.0043,122377,76561198113666193,ZywOo
False,4.487915,161.0043,122378,76561198113666193,ZywOo
False,4.487915,161.0043,122379,76561198113666193,ZywOo
False,4.487915,161.0043,122380,76561198113666193,ZywOo
False,4.487915,161.0043,122381,76561198113666193,ZywOo
False,4.487915,161.0043,122382,76561198113666193,ZywOo
False,4.487915,161.0043,122383,76561198113666193,ZywOo
False,4.487915,161.0043,122384,76561198113666193,ZywOo
False,4.487915,160.91641,122385,76561198113666193,ZywOo
False,4.487915,160.56451,122386,76561198113666193,ZywOo
False,4.487915,159.6842,122387,76561198113666193,ZywOo
False,4.5318604,158.32019,122388,76561198113666193,ZywOo
False,4.5318604,156.51639,122389,76561198113666193,ZywOo
False,4.487915,154.09631,122390,76561198113666193,ZywOo
False,4.4439697,151.23642,122391,76561198113666193,ZywOo
False,4.356079,148.7724,122392,76561198113666193,ZywOo
False,4.267853,145.64816,122393,76561198113666193,ZywOo
False,4.136017,142.70038,122394,76561198113666193,ZywOo
False,4.00383,140.06024,122395,76561198113666193,ZywOo
False,3.9159393,137.86023,122396,76561198113666193,ZywOo
False,3.7837524,136.14429,122397,76561198113666193,ZywOo
False,3.7398071,134.86816,122398,76561198113666193,ZywOo
False,3.6519165,133.94427,122399,76561198113666193,ZywOo
False,3.5640259,133.32837,122400,76561198113666193,ZywOo
False,3.5200806,132.93216,122401,76561198113666193,ZywOo
False,3.4318542,132.6242,122402,76561198113666193,ZywOo
False,3.387909,132.44809,122403,76561198113666193,ZywOo
False,3.3000183,132.31625,122404,76561198113666193,ZywOo
False,3.256073,132.22803,122405,76561198113666193,ZywOo
False,3.211792,132.22803,122406,76561198113666193,ZywOo
False,3.1678467,132.18408,122407,76561198113666193,ZywOo
False,3.079956,132.18408,122408,76561198113666193,ZywOo
False,3.0360107,132.18408,122409,76561198113666193,ZywOo
False,2.9477692,132.18408,122410,76561198113666193,ZywOo
False,2.8598785,132.14014,122411,76561198113666193,ZywOo
False,2.771988,132.14014,122412,76561198113666193,ZywOo
False,2.7280426,132.09619,122413,76561198113666193,ZywOo
False,2.6840973,132.00793,122414,76561198113666193,ZywOo
False,2.639801,131.92004,122415,76561198113666193,ZywOo
False,2.639801,131.83215,122416,76561198113666193,ZywOo
False,2.639801,131.78821,122417,76561198113666193,ZywOo
False,2.639801,131.78821,122418,76561198113666193,ZywOo
False,2.639801,131.74393,122419,76561198113666193,ZywOo
False,2.5519104,131.74393,122420,76561198113666193,ZywOo
False,2.3757935,131.78821,122421,76561198113666193,ZywOo
False,2.0678406,131.8761,122422,76561198113666193,ZywOo
False,1.6719818,132.05225,122423,76561198113666193,ZywOo
False,1.1878967,132.27197,122424,76561198113666193,ZywOo
False,0.70381165,132.44809,122425,76561198113666193,ZywOo
False,0.13183594,132.6242,122426,76561198113666193,ZywOo
False,-0.39619446,132.7121,122427,76561198113666193,ZywOo
False,-0.92422485,132.7121,122428,76561198113666193,ZywOo
False,-1.3640137,132.7121,122429,76561198113666193,ZywOo
False,-1.7602234,132.7121,122430,76561198113666193,ZywOo
False,-2.0681763,132.75604,122431,76561198113666193,ZywOo
False,-2.3321838,132.80032,122432,76561198113666193,ZywOo
False,-2.507965,132.80032,122433,76561198113666193,ZywOo
False,-2.6840973,132.80032,122434,76561198113666193,ZywOo
False,-2.8159332,132.80032,122435,76561198113666193,ZywOo
False,-2.94812,132.80032,122436,76561198113666193,ZywOo
False,-3.124237,132.75604,122437,76561198113666193,ZywOo
False,-3.3000183,132.7121,122438,76561198113666193,ZywOo
False,-3.4761353,132.66815,122439,76561198113666193,ZywOo
False,-3.5640259,132.6242,122440,76561198113666193,ZywOo
False,-3.6962128,132.6242,122441,76561198113666193,ZywOo
False,-3.7841034,132.58026,122442,76561198113666193,ZywOo
False,-3.8280487,132.58026,122443,76561198113666193,ZywOo
False,-3.871994,132.58026,122444,76561198113666193,ZywOo
False,-3.9602356,132.58026,122445,76561198113666193,ZywOo
False,-4.004181,132.58026,122446,76561198113666193,ZywOo
False,-4.048126,132.58026,122447,76561198113666193,ZywOo
False,-4.136017,132.58026,122448,76561198113666193,ZywOo
False,-4.179962,132.58026,122449,76561198113666193,ZywOo
False,-4.224243,132.58026,122450,76561198113666193,ZywOo
False,-4.312134,132.6242,122451,76561198113666193,ZywOo
False,-4.356079,132.66815,122452,76561198113666193,ZywOo
False,-4.4439697,132.7121,122453,76561198113666193,ZywOo
False,-4.532196,132.75604,122454,76561198113666193,ZywOo
False,-4.5761414,132.80032,122455,76561198113666193,ZywOo
False,-4.5761414,132.84427,122456,76561198113666193,ZywOo
False,-4.5761414,132.84427,122457,76561198113666193,ZywOo
False,-4.5761414,132.84427,122458,76561198113666193,ZywOo
False,-4.6200867,132.84427,122459,76561198113666193,ZywOo
False,-4.6200867,132.84427,122460,76561198113666193,ZywOo
False,-4.6200867,132.84427,122461,76561198113666193,ZywOo
False,-4.6200867,132.84427,122462,76561198113666193,ZywOo
False,-4.664032,132.84427,122463,76561198113666193,ZywOo
False,-4.664032,132.84427,122464,76561198113666193,ZywOo
False,-4.7079773,132.84427,122465,76561198113666193,ZywOo
False,-4.7519226,132.84427,122466,76561198113666193,ZywOo
False,-4.796219,132.84427,122467,76561198113666193,ZywOo
False,-4.796219,132.84427,122468,76561198113666193,ZywOo
False,-4.840164,132.84427,122469,76561198113666193,ZywOo
False,-4.8841095,132.84427,122470,76561198113666193,ZywOo
False,-4.8841095,132.84427,122471,76561198113666193,ZywOo
False,-4.928055,132.84427,122472,76561198113666193,ZywOo
False,-4.928055,132.84427,122473,76561198113666193,ZywOo
False,-4.972,132.84427,122474,76561198113666193,ZywOo
False,-5.0159454,132.84427,122475,76561198113666193,ZywOo
False,-5.0159454,132.84427,122476,76561198113666193,ZywOo
False,-5.0602417,132.88821,122477,76561198113666193,ZywOo
False,-5.0602417,132.88821,122478,76561198113666193,ZywOo
False,-5.104187,132.88821,122479,76561198113666193,ZywOo
False,-5.104187,132.88821,122480,76561198113666193,ZywOo
False,-5.1481323,132.88821,122481,76561198113666193,ZywOo
False,-5.1481323,132.88821,122482,76561198113666193,ZywOo
False,-5.1920776,132.88821,122483,76561198113666193,ZywOo
False,-5.236023,132.88821,122484,76561198113666193,ZywOo
False,-5.2799683,132.88821,122485,76561198113666193,ZywOo
False,-5.2799683,132.88821,122486,76561198113666193,ZywOo
False,-5.3239136,132.88821,122487,76561198113666193,ZywOo
False,-5.3239136,132.88821,122488,76561198113666193,ZywOo
False,-5.3681946,132.88821,122489,76561198113666193,ZywOo
False,-5.41214,132.88821,122490,76561198113666193,ZywOo
False,-5.41214,132.88821,122491,76561198113666193,ZywOo
False,-5.456085,132.88821,122492,76561198113666193,ZywOo
False,-5.456085,132.88821,122493,76561198113666193,ZywOo
False,-5.456085,132.88821,122494,76561198113666193,ZywOo
False,-5.456085,132.88821,122495,76561198113666193,ZywOo
False,-5.456085,132.88821,122496,76561198113666193,ZywOo
False,-5.456085,132.88821,122497,76561198113666193,ZywOo
False,-5.456085,132.88821,122498,76561198113666193,ZywOo
False,-5.3239136,132.84427,122499,76561198113666193,ZywOo
False,-5.104187,132.84427,122500,76561198113666193,ZywOo
False,-4.8841095,132.80032,122501,76561198113666193,ZywOo
False,-4.224243,132.66815,122502,76561198113666193,ZywOo
False,-3.43219,132.53632,122503,76561198113666193,ZywOo
False,-2.7280426,132.3602,122504,76561198113666193,ZywOo
False,-1.97995,132.14014,122505,76561198113666193,ZywOo
False,-1.0560608,131.8761,122506,76561198113666193,ZywOo
False,-0.22006226,131.56815,122507,76561198113666193,ZywOo
False,0.615921,131.30414,122508,76561198113666193,ZywOo
False,1.407959,130.99582,122509,76561198113666193,ZywOo
False,2.111786,130.68787,122510,76561198113666193,ZywOo
False,2.7280426,130.42386,122511,76561198113666193,ZywOo
False,3.079956,130.2038,122512,76561198113666193,ZywOo
False,3.4318542,129.93976,122513,76561198113666193,ZywOo
False,3.6519165,129.67575,122514,76561198113666193,ZywOo
False,3.7398071,129.49997,122515,76561198113666193,ZywOo
False,3.7837524,129.41174,122516,76561198113666193,ZywOo
False,3.7837524,129.3678,122517,76561198113666193,ZywOo
False,3.7837524,129.3678,122518,76561198113666193,ZywOo
False,3.7837524,129.3678,122519,76561198113666193,ZywOo
False,3.6958618,129.3678,122520,76561198113666193,ZywOo
False,3.6519165,129.41174,122521,76561198113666193,ZywOo
False,3.6079712,129.45569,122522,76561198113666193,ZywOo
False,3.6079712,129.45569,122523,76561198113666193,ZywOo
False,3.5640259,129.45569,122524,76561198113666193,ZywOo
False,3.5640259,129.49997,122525,76561198113666193,ZywOo
False,3.5640259,129.49997,122526,76561198113666193,ZywOo
False,3.5640259,129.49997,122527,76561198113666193,ZywOo
False,3.5640259,129.49997,122528,76561198113666193,ZywOo
False,3.5640259,129.49997,122529,76561198113666193,ZywOo
False,3.5640259,129.49997,122530,76561198113666193,ZywOo
False,3.5640259,129.49997,122531,76561198113666193,ZywOo
False,3.5640259,129.49997,122532,76561198113666193,ZywOo
False,3.5640259,129.49997,122533,76561198113666193,ZywOo
False,3.5640259,129.49997,122534,76561198113666193,ZywOo
False,3.5640259,129.49997,122535,76561198113666193,ZywOo
False,3.5640259,129.49997,122536,76561198113666193,ZywOo
False,3.5640259,129.49997,122537,76561198113666193,ZywOo
False,3.5640259,129.49997,122538,76561198113666193,ZywOo
False,3.5640259,129.49997,122539,76561198113666193,ZywOo
False,3.5640259,129.49997,122540,76561198113666193,ZywOo
False,3.5640259,129.41174,122541,76561198113666193,ZywOo
False,3.5640259,129.1477,122542,76561198113666193,ZywOo
False,3.6079712,128.48785,122543,76561198113666193,ZywOo
False,3.6079712,126.99164,122544,76561198113666193,ZywOo
False,3.5640259,124.35184,122545,76561198113666193,ZywOo
False,3.3439636,120.30371,122546,76561198113666193,ZywOo
False,3.0360107,116.12378,122547,76561198113666193,ZywOo
False,2.5519104,109.30365,122548,76561198113666193,ZywOo
False,2.111786,103.58392,122549,76561198113666193,ZywOo
False,1.6280365,96.89563,122550,76561198113666193,ZywOo
False,1.1878967,90.60391,122551,76561198113666193,ZywOo
False,0.87994385,85.19177,122552,76561198113666193,ZywOo
False,0.65986633,81.01181,122553,76561198113666193,ZywOo
False,0.615921,78.019745,122554,76561198113666193,ZywOo
False,0.615921,76.34778,122555,76561198113666193,ZywOo
False,0.74775696,75.07164,122556,76561198113666193,ZywOo
False,0.83599854,74.36783,122557,76561198113666193,ZywOo
False,0.92388916,73.971634,122558,76561198113666193,ZywOo
False,0.9678345,73.8398,122559,76561198113666193,ZywOo
False,0.9678345,73.8398,122560,76561198113666193,ZywOo
False,0.9678345,73.79585,122561,76561198113666193,ZywOo
False,0.9678345,73.70761,122562,76561198113666193,ZywOo
False,0.92388916,73.53183,122563,76561198113666193,ZywOo
False,0.83599854,73.26782,122564,76561198113666193,ZywOo
False,0.7920532,72.915924,122565,76561198113666193,ZywOo
False,0.70381165,72.519714,122566,76561198113666193,ZywOo
False,0.615921,72.167816,122567,76561198113666193,ZywOo
False,0.5280304,71.68373,122568,76561198113666193,ZywOo
False,0.3958435,71.111755,122569,76561198113666193,ZywOo
False,0.22006226,70.583725,122570,76561198113666193,ZywOo
False,0.087890625,70.055695,122571,76561198113666193,ZywOo
False,-0.043945312,69.57196,122572,76561198113666193,ZywOo
False,-0.13217163,69.219696,122573,76561198113666193,ZywOo
False,-0.30795288,68.60379,122574,76561198113666193,ZywOo
False,-0.44013977,68.11969,122575,76561198113666193,ZywOo
False,-0.5719757,67.54773,122576,76561198113666193,ZywOo
False,-0.7041626,66.97574,122577,76561198113666193,ZywOo
False,-0.7920532,66.40378,122578,76561198113666193,ZywOo
False,-0.87994385,65.963974,122579,76561198113666193,ZywOo
False,-0.87994385,65.56778,122580,76561198113666193,ZywOo
False,-0.87994385,65.25983,122581,76561198113666193,ZywOo
False,-0.87994385,65.03975,122582,76561198113666193,ZywOo
False,-0.83599854,64.86397,122583,76561198113666193,ZywOo
False,-0.83599854,64.687836,122584,76561198113666193,ZywOo
False,-0.7920532,64.556,122585,76561198113666193,ZywOo
False,-0.7920532,64.46777,122586,76561198113666193,ZywOo
False,-0.7920532,64.42383,122587,76561198113666193,ZywOo
False,-0.7920532,64.33594,122588,76561198113666193,ZywOo
False,-0.7920532,64.29199,122589,76561198113666193,ZywOo
False,-0.7920532,64.24805,122590,76561198113666193,ZywOo
False,-0.7920532,64.15982,122591,76561198113666193,ZywOo
False,-0.7920532,64.07193,122592,76561198113666193,ZywOo
False,-0.83599854,63.98404,122593,76561198113666193,ZywOo
False,-0.87994385,63.940094,122594,76561198113666193,ZywOo
False,-0.87994385,63.895798,122595,76561198113666193,ZywOo
False,-0.87994385,63.895798,122596,76561198113666193,ZywOo
False,-0.92422485,63.895798,122597,76561198113666193,ZywOo
False,-0.96817017,63.851852,122598,76561198113666193,ZywOo
False,-1.0121155,63.807907,122599,76561198113666193,ZywOo
False,-1.0560608,63.76396,122600,76561198113666193,ZywOo
False,-1.1439514,63.76396,122601,76561198113666193,ZywOo
False,-1.2321777,63.76396,122602,76561198113666193,ZywOo
False,-1.276123,63.76396,122603,76561198113666193,ZywOo
False,-1.3200684,63.76396,122604,76561198113666193,ZywOo
False,-1.3640137,63.76396,122605,76561198113666193,ZywOo
False,-1.3640137,63.76396,122606,76561198113666193,ZywOo
False,-1.3640137,63.720016,122607,76561198113666193,ZywOo
False,-1.3640137,63.720016,122608,76561198113666193,ZywOo
False,-1.3640137,63.720016,122609,76561198113666193,ZywOo
False,-1.407959,63.720016,122610,76561198113666193,ZywOo
False,-1.407959,63.720016,122611,76561198113666193,ZywOo
False,-1.4962006,63.76396,122612,76561198113666193,ZywOo
False,-1.5840912,63.895798,122613,76561198113666193,ZywOo
False,-1.7602234,64.07193,122614,76561198113666193,ZywOo
False,-1.97995,64.29199,122615,76561198113666193,ZywOo
False,-2.2439575,64.556,122616,76561198113666193,ZywOo
False,-2.507965,64.73178,122617,76561198113666193,ZywOo
False,-2.771988,64.90791,122618,76561198113666193,ZywOo
False,-3.0360107,65.03975,122619,76561198113666193,ZywOo
False,-3.3000183,65.084045,122620,76561198113666193,ZywOo
False,-3.4761353,65.084045,122621,76561198113666193,ZywOo
False,-3.6962128,65.084045,122622,76561198113666193,ZywOo
False,-3.871994,65.084045,122623,76561198113666193,ZywOo
False,-4.048126,65.084045,122624,76561198113666193,ZywOo
False,-4.179962,65.084045,122625,76561198113666193,ZywOo
False,-4.312134,65.084045,122626,76561198113666193,ZywOo
False,-4.4000244,65.084045,122627,76561198113666193,ZywOo
False,-4.532196,65.084045,122628,76561198113666193,ZywOo
False,-4.6200867,65.084045,122629,76561198113666193,ZywOo
False,-4.7519226,65.12799,122630,76561198113666193,ZywOo
False,-4.840164,65.12799,122631,76561198113666193,ZywOo
False,-4.928055,65.12799,122632,76561198113666193,ZywOo
False,-5.0159454,65.12799,122633,76561198113666193,ZywOo
False,-5.104187,65.171936,122634,76561198113666193,ZywOo
False,-5.236023,65.171936,122635,76561198113666193,ZywOo
False,-5.3242493,65.171936,122636,76561198113666193,ZywOo
False,-5.41214,65.21588,122637,76561198113666193,ZywOo
False,-5.5000305,65.21588,122638,76561198113666193,ZywOo
False,-5.632202,65.21588,122639,76561198113666193,ZywOo
False,-5.720093,65.21588,122640,76561198113666193,ZywOo
False,-5.8519287,65.21588,122641,76561198113666193,ZywOo
False,-5.9401703,65.21588,122642,76561198113666193,ZywOo
False,-6.028061,65.25983,122643,76561198113666193,ZywOo
False,-6.1159515,65.25983,122644,76561198113666193,ZywOo
False,-6.204193,65.25983,122645,76561198113666193,ZywOo
False,-6.2920837,65.25983,122646,76561198113666193,ZywOo
False,-6.3799744,65.25983,122647,76561198113666193,ZywOo
False,-6.4682007,65.25983,122648,76561198113666193,ZywOo
False,-6.6000366,65.25983,122649,76561198113666193,ZywOo
False,-6.6879272,65.25983,122650,76561198113666193,ZywOo
False,-6.7761536,65.25983,122651,76561198113666193,ZywOo
False,-6.864044,65.25983,122652,76561198113666193,ZywOo
False,-6.996231,65.21588,122653,76561198113666193,ZywOo
False,-7.0841217,65.21588,122654,76561198113666193,ZywOo
False,-7.2159576,65.171936,122655,76561198113666193,ZywOo
False,-7.304199,65.171936,122656,76561198113666193,ZywOo
False,-7.39209,65.171936,122657,76561198113666193,ZywOo
False,-7.523926,65.171936,122658,76561198113666193,ZywOo
False,-7.612152,65.171936,122659,76561198113666193,ZywOo
False,-7.7000427,65.171936,122660,76561198113666193,ZywOo
False,-7.7879333,65.12799,122661,76561198113666193,ZywOo
False,-7.8322144,65.12799,122662,76561198113666193,ZywOo
False,-7.8761597,65.12799,122663,76561198113666193,ZywOo
False,-7.920105,65.12799,122664,76561198113666193,ZywOo
False,-7.9640503,65.12799,122665,76561198113666193,ZywOo
False,-8.051941,65.12799,122666,76561198113666193,ZywOo
False,-8.096237,65.12799,122667,76561198113666193,ZywOo
False,-8.184128,65.12799,122668,76561198113666193,ZywOo
False,-8.272018,65.12799,122669,76561198113666193,ZywOo
False,-8.359909,65.12799,122670,76561198113666193,ZywOo
False,-8.448151,65.12799,122671,76561198113666193,ZywOo
False,-8.579987,65.12799,122672,76561198113666193,ZywOo
False,-8.668213,65.12799,122673,76561198113666193,ZywOo
False,-8.800049,65.171936,122674,76561198113666193,ZywOo
False,-8.887939,65.171936,122675,76561198113666193,ZywOo
False,-8.93222,65.171936,122676,76561198113666193,ZywOo
False,-9.020111,65.171936,122677,76561198113666193,ZywOo
False,-9.064056,65.171936,122678,76561198113666193,ZywOo
False,-9.108002,65.171936,122679,76561198113666193,ZywOo
False,-9.151947,65.171936,122680,76561198113666193,ZywOo
False,-9.196243,65.171936,122681,76561198113666193,ZywOo
False,-9.284134,65.171936,122682,76561198113666193,ZywOo
False,-9.328079,65.171936,122683,76561198113666193,ZywOo
False,-9.41597,65.171936,122684,76561198113666193,ZywOo
False,-9.459915,65.171936,122685,76561198113666193,ZywOo
False,-9.504211,65.171936,122686,76561198113666193,ZywOo
False,-9.592102,65.171936,122687,76561198113666193,ZywOo
False,-9.679993,65.21588,122688,76561198113666193,ZywOo
False,-9.723938,65.21588,122689,76561198113666193,ZywOo
False,-9.768219,65.21588,122690,76561198113666193,ZywOo
False,-9.85611,65.21588,122691,76561198113666193,ZywOo
False,-9.900055,65.21588,122692,76561198113666193,ZywOo
False,-9.944,65.21588,122693,76561198113666193,ZywOo
False,-9.987946,65.21588,122694,76561198113666193,ZywOo
False,-10.032227,65.21588,122695,76561198113666193,ZywOo
False,-10.120117,65.21588,122696,76561198113666193,ZywOo
False,-10.1640625,65.21588,122697,76561198113666193,ZywOo
False,-10.208008,65.21588,122698,76561198113666193,ZywOo
False,-10.295898,65.21588,122699,76561198113666193,ZywOo
False,-10.340195,65.21588,122700,76561198113666193,ZywOo
False,-10.428085,65.21588,122701,76561198113666193,ZywOo
False,-10.515976,65.25983,122702,76561198113666193,ZywOo
False,-10.604218,65.25983,122703,76561198113666193,ZywOo
False,-10.648163,65.25983,122704,76561198113666193,ZywOo
False,-10.692108,65.25983,122705,76561198113666193,ZywOo
False,-10.779999,65.25983,122706,76561198113666193,ZywOo
False,-10.823944,65.25983,122707,76561198113666193,ZywOo
False,-10.868225,65.25983,122708,76561198113666193,ZywOo
False,-10.91217,65.25983,122709,76561198113666193,ZywOo
False,-10.956116,65.25983,122710,76561198113666193,ZywOo
False,-11.044006,65.25983,122711,76561198113666193,ZywOo
False,-11.087952,65.25983,122712,76561198113666193,ZywOo
False,-11.176178,65.30377,122713,76561198113666193,ZywOo
False,-11.220123,65.30377,122714,76561198113666193,ZywOo
False,-11.264069,65.30377,122715,76561198113666193,ZywOo
False,-11.351959,65.30377,122716,76561198113666193,ZywOo
False,-11.395905,65.30377,122717,76561198113666193,ZywOo
False,-11.484146,65.30377,122718,76561198113666193,ZywOo
False,-11.528091,65.25983,122719,76561198113666193,ZywOo
False,-11.572037,65.25983,122720,76561198113666193,ZywOo
False,-11.615982,65.25983,122721,76561198113666193,ZywOo
False,-11.615982,65.25983,122722,76561198113666193,ZywOo
False,-11.615982,65.25983,122723,76561198113666193,ZywOo
False,-11.615982,65.25983,122724,76561198113666193,ZywOo
False,-11.572037,65.25983,122725,76561198113666193,ZywOo
False,-11.440201,65.30377,122726,76561198113666193,ZywOo
False,-11.176178,65.30377,122727,76561198113666193,ZywOo
False,-10.736053,65.25983,122728,76561198113666193,ZywOo
False,-10.208008,65.12799,122729,76561198113666193,ZywOo
False,-9.592102,64.95186,122730,76561198113666193,ZywOo
False,-8.887939,64.73178,122731,76561198113666193,ZywOo
False,-8.1401825,64.46777,122732,76561198113666193,ZywOo
False,-7.436035,64.24805,122733,76561198113666193,ZywOo
False,-6.643982,63.98404,122734,76561198113666193,ZywOo
False,-5.896225,63.67607,122735,76561198113666193,ZywOo
False,-5.3681946,63.455994,122736,76561198113666193,ZywOo
False,-4.7079773,63.23593,122737,76561198113666193,ZywOo
False,-4.048126,63.01587,122738,76561198113666193,ZywOo
False,-3.6519165,62.92798,122739,76561198113666193,ZywOo
False,-3.256073,62.840088,122740,76561198113666193,ZywOo
False,-2.94812,62.796143,122741,76561198113666193,ZywOo
False,-2.7280426,62.7079,122742,76561198113666193,ZywOo
False,-2.5962067,62.7079,122743,76561198113666193,ZywOo
False,-2.507965,62.663956,122744,76561198113666193,ZywOo
False,-2.507965,62.663956,122745,76561198113666193,ZywOo
False,-2.507965,62.663956,122746,76561198113666193,ZywOo
False,-2.507965,62.663956,122747,76561198113666193,ZywOo
False,-2.507965,62.663956,122748,76561198113666193,ZywOo
False,-2.507965,62.663956,122749,76561198113666193,ZywOo
False,-2.507965,62.663956,122750,76561198113666193,ZywOo
False,-2.507965,62.663956,122751,76561198113666193,ZywOo
False,-2.507965,62.663956,122752,76561198113666193,ZywOo
False,-2.507965,62.663956,122753,76561198113666193,ZywOo
False,-2.507965,62.663956,122754,76561198113666193,ZywOo
False,-2.507965,62.663956,122755,76561198113666193,ZywOo
False,-2.507965,62.663956,122756,76561198113666193,ZywOo
False,-2.507965,62.663956,122757,76561198113666193,ZywOo
False,-2.507965,62.663956,122758,76561198113666193,ZywOo
False,-2.507965,62.663956,122759,76561198113666193,ZywOo
False,-2.507965,62.663956,122760,76561198113666193,ZywOo
False,-2.507965,62.663956,122761,76561198113666193,ZywOo
False,-2.507965,62.663956,122762,76561198113666193,ZywOo
False,-2.507965,62.663956,122763,76561198113666193,ZywOo
False,-2.507965,62.663956,122764,76561198113666193,ZywOo
False,-2.507965,62.663956,122765,76561198113666193,ZywOo
False,-2.507965,62.663956,122766,76561198113666193,ZywOo
False,-2.507965,62.663956,122767,76561198113666193,ZywOo
False,-2.507965,62.663956,122768,76561198113666193,ZywOo
False,-2.507965,62.663956,122769,76561198113666193,ZywOo
False,-2.507965,62.663956,122770,76561198113666193,ZywOo
False,-2.507965,62.663956,122771,76561198113666193,ZywOo
False,-2.507965,62.663956,122772,76561198113666193,ZywOo
False,-2.507965,62.663956,122773,76561198113666193,ZywOo
False,-2.507965,62.663956,122774,76561198113666193,ZywOo
False,-2.507965,62.663956,122775,76561198113666193,ZywOo
False,-2.507965,62.663956,122776,76561198113666193,ZywOo
False,-2.507965,62.663956,122777,76561198113666193,ZywOo
False,-2.507965,62.663956,122778,76561198113666193,ZywOo
False,-2.507965,62.663956,122779,76561198113666193,ZywOo
False,-2.507965,62.663956,122780,76561198113666193,ZywOo
False,-2.4640198,62.663956,122781,76561198113666193,ZywOo
False,-2.4200745,62.7079,122782,76561198113666193,ZywOo
False,-2.4200745,62.796143,122783,76561198113666193,ZywOo
False,-2.3321838,62.884033,122784,76561198113666193,ZywOo
False,-2.2879028,63.01587,122785,76561198113666193,ZywOo
False,-2.2000122,63.191986,122786,76561198113666193,ZywOo
False,-2.1121216,63.368103,122787,76561198113666193,ZywOo
False,-2.024231,63.543884,122788,76561198113666193,ZywOo
False,-1.9360046,63.720016,122789,76561198113666193,ZywOo
False,-1.848114,63.895798,122790,76561198113666193,ZywOo
False,-1.7602234,63.98404,122791,76561198113666193,ZywOo
False,-1.7159271,64.07193,122792,76561198113666193,ZywOo
False,-1.6719818,64.115875,122793,76561198113666193,ZywOo
False,-1.6719818,64.115875,122794,76561198113666193,ZywOo
False,-1.6280365,64.15982,122795,76561198113666193,ZywOo
False,-1.6280365,64.15982,122796,76561198113666193,ZywOo
False,-1.6280365,64.15982,122797,76561198113666193,ZywOo
False,-1.6280365,64.15982,122798,76561198113666193,ZywOo
False,-1.5840912,64.2041,122799,76561198113666193,ZywOo
False,-1.5401459,64.29199,122800,76561198113666193,ZywOo
False,-1.4962006,64.42383,122801,76561198113666193,ZywOo
False,-1.3640137,64.64389,122802,76561198113666193,ZywOo
False,-1.276123,64.995804,122803,76561198113666193,ZywOo
False,-1.1439514,65.43594,122804,76561198113666193,ZywOo
False,-0.96817017,66.00792,122805,76561198113666193,ZywOo
False,-0.7920532,66.667786,122806,76561198113666193,ZywOo
False,-0.6602173,67.28406,122807,76561198113666193,ZywOo
False,-0.48408508,67.89996,122808,76561198113666193,ZywOo
False,-0.39619446,68.471954,122809,76561198113666193,ZywOo
False,-0.26400757,68.956024,122810,76561198113666193,ZywOo
False,-0.17611694,69.48407,122811,76561198113666193,ZywOo
False,-0.08822632,69.92386,122812,76561198113666193,ZywOo
False,0.0,70.32005,122813,76561198113666193,ZywOo
False,0.043945312,70.62802,122814,76561198113666193,ZywOo
False,0.087890625,70.84775,122815,76561198113666193,ZywOo
False,0.087890625,70.97992,122816,76561198113666193,ZywOo
False,0.087890625,71.06781,122817,76561198113666193,ZywOo
False,0.13183594,71.111755,122818,76561198113666193,ZywOo
False,0.13183594,71.1557,122819,76561198113666193,ZywOo
False,0.13183594,71.19998,122820,76561198113666193,ZywOo
False,0.13183594,71.19998,122821,76561198113666193,ZywOo
False,0.13183594,71.28787,122822,76561198113666193,ZywOo
False,0.17578125,71.464005,122823,76561198113666193,ZywOo
False,0.22006226,71.639786,122824,76561198113666193,ZywOo
False,0.26400757,71.947754,122825,76561198113666193,ZywOo
False,0.30795288,72.34393,122826,76561198113666193,ZywOo
False,0.3958435,72.73979,122827,76561198113666193,ZywOo
False,0.43978882,73.04776,122828,76561198113666193,ZywOo
False,0.43978882,73.26782,122829,76561198113666193,ZywOo
False,0.48408508,73.39966,122830,76561198113666193,ZywOo
False,0.48408508,73.44394,122831,76561198113666193,ZywOo
False,0.48408508,73.487885,122832,76561198113666193,ZywOo
False,0.48408508,73.487885,122833,76561198113666193,ZywOo
False,0.48408508,73.487885,122834,76561198113666193,ZywOo
False,0.48408508,73.53183,122835,76561198113666193,ZywOo
False,0.48408508,73.575775,122836,76561198113666193,ZywOo
False,0.48408508,73.61972,122837,76561198113666193,ZywOo
False,0.48408508,73.75191,122838,76561198113666193,ZywOo
False,0.48408508,73.92769,122839,76561198113666193,ZywOo
False,0.48408508,74.19171,122840,76561198113666193,ZywOo
False,0.5280304,74.45572,122841,76561198113666193,ZywOo
False,0.5719757,74.67578,122842,76561198113666193,ZywOo
False,0.615921,74.85191,122843,76561198113666193,ZywOo
False,0.615921,74.939804,122844,76561198113666193,ZywOo
False,0.615921,74.98375,122845,76561198113666193,ZywOo
False,0.615921,75.027695,122846,76561198113666193,ZywOo
False,0.615921,75.07164,122847,76561198113666193,ZywOo
False,0.615921,75.15988,122848,76561198113666193,ZywOo
False,0.615921,75.24777,122849,76561198113666193,ZywOo
False,0.615921,75.42389,122850,76561198113666193,ZywOo
False,0.65986633,75.73184,122851,76561198113666193,ZywOo
False,0.70381165,76.08374,122852,76561198113666193,ZywOo
False,0.70381165,76.56784,122853,76561198113666193,ZywOo
False,0.7481079,77.051575,122854,76561198113666193,ZywOo
False,0.7920532,77.623566,122855,76561198113666193,ZywOo
False,0.7920532,78.107635,122856,76561198113666193,ZywOo
False,0.7920532,78.45953,122857,76561198113666193,ZywOo
False,0.7920532,78.72357,122858,76561198113666193,ZywOo
False,0.7481079,78.943634,122859,76561198113666193,ZywOo
False,0.7481079,79.075806,122860,76561198113666193,ZywOo
False,0.70381165,79.20764,122861,76561198113666193,ZywOo
False,0.70381165,79.33948,122862,76561198113666193,ZywOo
False,0.70381165,79.47168,122863,76561198113666193,ZywOo
False,0.70381165,79.69174,122864,76561198113666193,ZywOo
False,0.70381165,79.95575,122865,76561198113666193,ZywOo
False,0.70381165,80.2637,122866,76561198113666193,ZywOo
False,0.70381165,80.659546,122867,76561198113666193,ZywOo
False,0.7481079,81.011475,122868,76561198113666193,ZywOo
False,0.7481079,81.40765,122869,76561198113666193,ZywOo
False,0.7481079,81.75958,122870,76561198113666193,ZywOo
False,0.7481079,82.067535,122871,76561198113666193,ZywOo
False,0.7481079,82.2876,122872,76561198113666193,ZywOo
False,0.7481079,82.463715,122873,76561198113666193,ZywOo
False,0.70381165,82.551605,122874,76561198113666193,ZywOo
False,0.70381165,82.639496,122875,76561198113666193,ZywOo
False,0.65986633,82.72739,122876,76561198113666193,ZywOo
False,0.65986633,82.81561,122877,76561198113666193,ZywOo
False,0.65986633,82.85956,122878,76561198113666193,ZywOo
False,0.65986633,82.94745,122879,76561198113666193,ZywOo
False,0.65986633,82.991394,122880,76561198113666193,ZywOo
False,0.65986633,83.07965,122881,76561198113666193,ZywOo
False,0.65986633,83.07965,122882,76561198113666193,ZywOo
False,0.65986633,83.1236,122883,76561198113666193,ZywOo
False,0.65986633,83.16754,122884,76561198113666193,ZywOo
False,0.65986633,83.21149,122885,76561198113666193,ZywOo
False,0.615921,83.21149,122886,76561198113666193,ZywOo
False,0.615921,83.25543,122887,76561198113666193,ZywOo
False,0.615921,83.25543,122888,76561198113666193,ZywOo
False,0.615921,83.29938,122889,76561198113666193,ZywOo
False,0.615921,83.29938,122890,76561198113666193,ZywOo
False,0.615921,83.29938,122891,76561198113666193,ZywOo
False,0.615921,83.34366,122892,76561198113666193,ZywOo
False,0.615921,83.34366,122893,76561198113666193,ZywOo
False,0.615921,83.34366,122894,76561198113666193,ZywOo
False,0.615921,83.3876,122895,76561198113666193,ZywOo
False,0.615921,83.43155,122896,76561198113666193,ZywOo
False,0.5719757,83.43155,122897,76561198113666193,ZywOo
False,0.5719757,83.475494,122898,76561198113666193,ZywOo
False,0.5719757,83.475494,122899,76561198113666193,ZywOo
False,0.5719757,83.475494,122900,76561198113666193,ZywOo
False,0.5280304,83.51944,122901,76561198113666193,ZywOo
False,0.5280304,83.51944,122902,76561198113666193,ZywOo
False,0.5280304,83.51944,122903,76561198113666193,ZywOo
False,0.5280304,83.563385,122904,76561198113666193,ZywOo
False,0.5280304,83.563385,122905,76561198113666193,ZywOo
False,0.5280304,83.563385,122906,76561198113666193,ZywOo
False,0.5280304,83.563385,122907,76561198113666193,ZywOo
False,0.5280304,83.563385,122908,76561198113666193,ZywOo
False,0.5280304,83.563385,122909,76561198113666193,ZywOo
False,0.5280304,83.563385,122910,76561198113666193,ZywOo
False,0.5280304,83.563385,122911,76561198113666193,ZywOo
False,0.5280304,83.563385,122912,76561198113666193,ZywOo
False,0.5280304,83.563385,122913,76561198113666193,ZywOo
False,0.5280304,83.563385,122914,76561198113666193,ZywOo
False,0.5280304,83.563385,122915,76561198113666193,ZywOo
False,0.5280304,83.563385,122916,76561198113666193,ZywOo
False,0.5280304,83.563385,122917,76561198113666193,ZywOo
False,0.5719757,83.51944,122918,76561198113666193,ZywOo
False,0.5719757,83.51944,122919,76561198113666193,ZywOo
False,0.615921,83.475494,122920,76561198113666193,ZywOo
False,0.65986633,83.475494,122921,76561198113666193,ZywOo
False,0.7481079,83.475494,122922,76561198113666193,ZywOo
False,0.7920532,83.475494,122923,76561198113666193,ZywOo
False,0.83599854,83.43155,122924,76561198113666193,ZywOo
False,0.83599854,83.43155,122925,76561198113666193,ZywOo
False,0.87994385,83.43155,122926,76561198113666193,ZywOo
False,0.92388916,83.43155,122927,76561198113666193,ZywOo
False,1.0117798,83.43155,122928,76561198113666193,ZywOo
False,1.1000061,83.43155,122929,76561198113666193,ZywOo
False,1.1439514,83.43155,122930,76561198113666193,ZywOo
False,1.1878967,83.43155,122931,76561198113666193,ZywOo
False,1.1878967,83.43155,122932,76561198113666193,ZywOo
False,1.1878967,83.43155,122933,76561198113666193,ZywOo
False,1.1878967,83.475494,122934,76561198113666193,ZywOo
False,1.1878967,83.65161,122935,76561198113666193,ZywOo
False,1.1878967,83.82739,122936,76561198113666193,ZywOo
False,1.1878967,84.00354,122937,76561198113666193,ZywOo
False,1.1439514,84.2236,122938,76561198113666193,ZywOo
False,1.1000061,84.44333,122939,76561198113666193,ZywOo
False,1.0117798,84.619446,122940,76561198113666193,ZywOo
False,0.9678345,84.83951,122941,76561198113666193,ZywOo
False,0.87994385,84.971344,122942,76561198113666193,ZywOo
False,0.83599854,85.103516,122943,76561198113666193,ZywOo
False,0.7920532,85.19141,122944,76561198113666193,ZywOo
False,0.7481079,85.32361,122945,76561198113666193,ZywOo
False,0.70381165,85.455444,122946,76561198113666193,ZywOo
False,0.65986633,85.63156,122947,76561198113666193,ZywOo
False,0.65986633,85.80734,122948,76561198113666193,ZywOo
False,0.65986633,85.98346,122949,76561198113666193,ZywOo
False,0.615921,86.115295,122950,76561198113666193,ZywOo
False,0.615921,86.29144,122951,76561198113666193,ZywOo
False,0.615921,86.42328,122952,76561198113666193,ZywOo
False,0.615921,86.511505,122953,76561198113666193,ZywOo
False,0.615921,86.599396,122954,76561198113666193,ZywOo
False,0.615921,86.68729,122955,76561198113666193,ZywOo
False,0.615921,86.77551,122956,76561198113666193,ZywOo
False,0.615921,86.951294,122957,76561198113666193,ZywOo
False,0.615921,87.12741,122958,76561198113666193,ZywOo
False,0.5719757,87.39142,122959,76561198113666193,ZywOo
False,0.5719757,87.65546,122960,76561198113666193,ZywOo
False,0.5280304,87.96341,122961,76561198113666193,ZywOo
False,0.48408508,88.27136,122962,76561198113666193,ZywOo
False,0.3958435,88.62329,122963,76561198113666193,ZywOo
False,0.30795288,88.931244,122964,76561198113666193,ZywOo
False,0.17578125,89.2392,122965,76561198113666193,ZywOo
False,0.043945312,89.547485,122966,76561198113666193,ZywOo
False,-0.08822632,89.76721,122967,76561198113666193,ZywOo
False,-0.17611694,90.03125,122968,76561198113666193,ZywOo
False,-0.26400757,90.20737,122969,76561198113666193,ZywOo
False,-0.30795288,90.29526,122970,76561198113666193,ZywOo
False,-0.3518982,90.38315,122971,76561198113666193,ZywOo
False,-0.3518982,90.42743,122972,76561198113666193,ZywOo
False,-0.39619446,90.42743,122973,76561198113666193,ZywOo
False,-0.39619446,90.42743,122974,76561198113666193,ZywOo
False,-0.39619446,90.42743,122975,76561198113666193,ZywOo
False,-0.39619446,90.42743,122976,76561198113666193,ZywOo
False,-0.39619446,90.42743,122977,76561198113666193,ZywOo
False,-0.39619446,90.42743,122978,76561198113666193,ZywOo
False,-0.39619446,90.42743,122979,76561198113666193,ZywOo
False,-0.39619446,90.42743,122980,76561198113666193,ZywOo
False,-0.39619446,90.42743,122981,76561198113666193,ZywOo
False,-0.3518982,90.42743,122982,76561198113666193,ZywOo
False,-0.3518982,90.42743,122983,76561198113666193,ZywOo
False,-0.30795288,90.42743,122984,76561198113666193,ZywOo
False,-0.22006226,90.42743,122985,76561198113666193,ZywOo
False,-0.17611694,90.42743,122986,76561198113666193,ZywOo
False,-0.13217163,90.42743,122987,76561198113666193,ZywOo
False,-0.08822632,90.42743,122988,76561198113666193,ZywOo
False,0.0,90.42743,122989,76561198113666193,ZywOo
False,0.043945312,90.42743,122990,76561198113666193,ZywOo
False,0.087890625,90.42743,122991,76561198113666193,ZywOo
False,0.13183594,90.42743,122992,76561198113666193,ZywOo
False,0.17578125,90.471375,122993,76561198113666193,ZywOo
False,0.26400757,90.471375,122994,76561198113666193,ZywOo
False,0.30795288,90.471375,122995,76561198113666193,ZywOo
False,0.3518982,90.51532,122996,76561198113666193,ZywOo
False,0.43978882,90.51532,122997,76561198113666193,ZywOo
False,0.48408508,90.51532,122998,76561198113666193,ZywOo
False,0.5719757,90.559265,122999,76561198113666193,ZywOo
False,0.65986633,90.559265,123000,76561198113666193,ZywOo
False,0.70381165,90.559265,123001,76561198113666193,ZywOo
False,0.7481079,90.559265,123002,76561198113666193,ZywOo
False,0.7920532,90.559265,123003,76561198113666193,ZywOo
False,0.7920532,90.559265,123004,76561198113666193,ZywOo
False,0.7920532,90.559265,123005,76561198113666193,ZywOo
False,0.83599854,90.559265,123006,76561198113666193,ZywOo
False,0.83599854,90.559265,123007,76561198113666193,ZywOo
False,0.83599854,90.559265,123008,76561198113666193,ZywOo
False,0.83599854,90.559265,123009,76561198113666193,ZywOo
False,0.87994385,90.559265,123010,76561198113666193,ZywOo
False,0.87994385,90.559265,123011,76561198113666193,ZywOo
False,0.92388916,90.559265,123012,76561198113666193,ZywOo
False,0.92388916,90.559265,123013,76561198113666193,ZywOo
False,0.92388916,90.60321,123014,76561198113666193,ZywOo
False,0.9678345,90.60321,123015,76561198113666193,ZywOo
False,1.0117798,90.60321,123016,76561198113666193,ZywOo
False,1.0560608,90.60321,123017,76561198113666193,ZywOo
False,1.0560608,90.647156,123018,76561198113666193,ZywOo
False,1.1000061,90.647156,123019,76561198113666193,ZywOo
False,1.1439514,90.647156,123020,76561198113666193,ZywOo
False,1.1439514,90.647156,123021,76561198113666193,ZywOo
False,1.1878967,90.647156,123022,76561198113666193,ZywOo
False,1.1878967,90.647156,123023,76561198113666193,ZywOo
False,1.1878967,90.69147,123024,76561198113666193,ZywOo
False,1.231842,90.69147,123025,76561198113666193,ZywOo
False,1.231842,90.69147,123026,76561198113666193,ZywOo
False,1.2757874,90.73541,123027,76561198113666193,ZywOo
False,1.2757874,90.73541,123028,76561198113666193,ZywOo
False,1.3640137,90.8233,123029,76561198113666193,ZywOo
False,1.407959,90.911194,123030,76561198113666193,ZywOo
False,1.4958496,91.043365,123031,76561198113666193,ZywOo
False,1.5840912,91.21915,123032,76561198113666193,ZywOo
False,1.7159271,91.483154,123033,76561198113666193,ZywOo
False,1.8920593,91.79111,123034,76561198113666193,ZywOo
False,2.0238953,92.09943,123035,76561198113666193,ZywOo
False,2.2000122,92.539215,123036,76561198113666193,ZywOo
False,2.3757935,92.97937,123037,76561198113666193,ZywOo
False,2.5519104,93.463104,123038,76561198113666193,ZywOo
False,2.6840973,93.90323,123039,76561198113666193,ZywOo
False,2.8159332,94.29907,123040,76561198113666193,ZywOo
False,2.9038239,94.607056,123041,76561198113666193,ZywOo
False,2.9477692,94.78317,123042,76561198113666193,ZywOo
False,2.9920654,94.95929,123043,76561198113666193,ZywOo
False,2.9920654,95.003235,123044,76561198113666193,ZywOo
False,3.0360107,95.04718,123045,76561198113666193,ZywOo
False,3.0360107,95.091125,123046,76561198113666193,ZywOo
False,3.0360107,95.091125,123047,76561198113666193,ZywOo
False,3.0360107,95.13507,123048,76561198113666193,ZywOo
False,3.0360107,95.22333,123049,76561198113666193,ZywOo
False,3.079956,95.31122,123050,76561198113666193,ZywOo
False,3.079956,95.39911,123051,76561198113666193,ZywOo
False,3.1239014,95.53128,123052,76561198113666193,ZywOo
False,3.1678467,95.70706,123053,76561198113666193,ZywOo
False,3.211792,95.88318,123054,76561198113666193,ZywOo
False,3.256073,96.10324,123055,76561198113666193,ZywOo
False,3.3439636,96.3233,123056,76561198113666193,ZywOo
False,3.387909,96.63129,123057,76561198113666193,ZywOo
False,3.5200806,97.02713,123058,76561198113666193,ZywOo
False,3.6519165,97.51123,123059,76561198113666193,ZywOo
False,3.8280487,98.30325,123060,76561198113666193,ZywOo
False,3.9598846,99.051025,123061,76561198113666193,ZywOo
False,4.179962,100.15103,123062,76561198113666193,ZywOo
False,4.4000244,101.427155,123063,76561198113666193,ZywOo
False,4.7079773,103.319214,123064,76561198113666193,ZywOo
False,4.928055,104.77112,123065,76561198113666193,ZywOo
False,5.1920776,106.927185,123066,76561198113666193,ZywOo
False,5.367859,108.59918,123067,76561198113666193,ZywOo
False,5.6318665,110.799194,123068,76561198113666193,ZywOo
False,5.8519287,113.17532,123069,76561198113666193,ZywOo
False,6.1159515,115.63901,123070,76561198113666193,ZywOo
False,6.4239197,118.54315,123071,76561198113666193,ZywOo
False,6.7318726,121.799255,123072,76561198113666193,ZywOo
False,7.128067,125.49512,123073,76561198113666193,ZywOo
False,7.567871,129.45532,123074,76561198113666193,ZywOo
False,8.051941,134.25122,123075,76561198113666193,ZywOo
False,8.623932,139.7073,123076,76561198113666193,ZywOo
False,9.151947,145.73535,123077,76561198113666193,ZywOo
False,9.50386,150.8392,123078,76561198113666193,ZywOo
False,9.811829,157.21918,123079,76561198113666193,ZywOo
False,9.987946,163.20328,123080,76561198113666193,ZywOo
False,10.031891,169.31921,123081,76561198113666193,ZywOo
False,9.944,174.99539,123082,76561198113666193,ZywOo
False,9.767883,-179.94473,123083,76561198113666193,ZywOo
False,9.592102,-175.76477,123084,76561198113666193,ZywOo
False,9.41597,-172.59659,123085,76561198113666193,ZywOo
False,9.372025,-170.9246,123086,76561198113666193,ZywOo
False,9.547806,-170.5727,123087,76561198113666193,ZywOo
False,9.767883,-170.83672,123088,76561198113666193,ZywOo
False,9.767883,-170.83672,123089,76561198113666193,ZywOo
False,9.767883,-170.83672,123090,76561198113666193,ZywOo
False,9.767883,-170.83672,123091,76561198113666193,ZywOo
False,9.767883,-170.83672,123092,76561198113666193,ZywOo
False,9.767883,-170.83672,123093,76561198113666193,ZywOo
False,9.767883,-170.83672,123094,76561198113666193,ZywOo
False,9.767883,-170.83672,123095,76561198113666193,ZywOo
False,9.767883,-170.83672,123096,76561198113666193,ZywOo
False,9.767883,-170.83672,123097,76561198113666193,ZywOo
False,9.767883,-170.83672,123098,76561198113666193,ZywOo
False,9.767883,-170.83672,123099,76561198113666193,ZywOo
False,9.767883,-170.83672,123100,76561198113666193,ZywOo
False,9.767883,-170.83672,123101,76561198113666193,ZywOo
False,9.767883,-170.83672,123102,76561198113666193,ZywOo
False,9.767883,-170.83672,123103,76561198113666193,ZywOo
False,9.767883,-170.83672,123104,76561198113666193,ZywOo
False,9.767883,-170.83672,123105,76561198113666193,ZywOo
False,9.767883,-170.83672,123106,76561198113666193,ZywOo
False,9.767883,-170.83672,123107,76561198113666193,ZywOo
False,9.767883,-170.83672,123108,76561198113666193,ZywOo
False,9.767883,-170.83672,123109,76561198113666193,ZywOo
False,9.767883,-170.83672,123110,76561198113666193,ZywOo
False,9.767883,-170.83672,123111,76561198113666193,ZywOo
False,9.767883,-170.83672,123112,76561198113666193,ZywOo
False,9.767883,-170.83672,123113,76561198113666193,ZywOo
False,9.767883,-170.70488,123114,76561198113666193,ZywOo
False,9.811829,-170.30869,123115,76561198113666193,ZywOo
False,9.811829,-169.8246,123116,76561198113666193,ZywOo
False,9.811829,-169.29657,123117,76561198113666193,ZywOo
False,9.811829,-168.7246,123118,76561198113666193,ZywOo
False,9.900055,-168.19656,123119,76561198113666193,ZywOo
False,10.075836,-167.58064,123120,76561198113666193,ZywOo
False,10.251953,-166.92078,123121,76561198113666193,ZywOo
False,10.472031,-166.21661,123122,76561198113666193,ZywOo
False,10.691757,-165.55676,123123,76561198113666193,ZywOo
False,10.911835,-165.02872,123124,76561198113666193,ZywOo
False,11.131897,-164.36852,123125,76561198113666193,ZywOo
False,11.308014,-163.79654,123126,76561198113666193,ZywOo
False,11.483795,-163.26851,123127,76561198113666193,ZywOo
False,11.615982,-162.8287,123128,76561198113666193,ZywOo
False,11.703873,-162.52042,123129,76561198113666193,ZywOo
False,11.747818,-162.30069,123130,76561198113666193,ZywOo
False,11.791763,-162.1685,123131,76561198113666193,ZywOo
False,11.791763,-162.08061,123132,76561198113666193,ZywOo
False,11.791763,-162.08061,123133,76561198113666193,ZywOo
False,11.83606,-162.03667,123134,76561198113666193,ZywOo
False,11.83606,-161.99237,123135,76561198113666193,ZywOo
False,11.83606,-161.99237,123136,76561198113666193,ZywOo
False,11.83606,-161.90448,123137,76561198113666193,ZywOo
False,11.880005,-161.86053,123138,76561198113666193,ZywOo
False,11.880005,-161.77231,123139,76561198113666193,ZywOo
False,11.92395,-161.72836,123140,76561198113666193,ZywOo
False,11.9678955,-161.59653,123141,76561198113666193,ZywOo
False,12.011841,-161.46436,123142,76561198113666193,ZywOo
False,12.055786,-161.28857,123143,76561198113666193,ZywOo
False,12.100067,-161.11244,123144,76561198113666193,ZywOo
False,12.144012,-160.89236,123145,76561198113666193,ZywOo
False,12.231903,-160.62836,123146,76561198113666193,ZywOo
False,12.275848,-160.4083,123147,76561198113666193,ZywOo
False,12.364075,-160.14427,123148,76561198113666193,ZywOo
False,12.451965,-159.88025,123149,76561198113666193,ZywOo
False,12.539856,-159.52835,123150,76561198113666193,ZywOo
False,12.627747,-159.1761,123151,76561198113666193,ZywOo
False,12.759933,-158.82419,123152,76561198113666193,ZywOo
False,12.847824,-158.47229,123153,76561198113666193,ZywOo
False,12.936066,-158.25223,123154,76561198113666193,ZywOo
False,13.023956,-158.0761,123155,76561198113666193,ZywOo
False,13.111847,-158.03215,123156,76561198113666193,ZywOo
False,13.200073,-158.0761,123157,76561198113666193,ZywOo
False,13.331909,-158.29617,123158,76561198113666193,ZywOo
False,13.463745,-158.82419,123159,76561198113666193,ZywOo
False,13.595917,-159.48407,123160,76561198113666193,ZywOo
False,13.727753,-160.58408,123161,76561198113666193,ZywOo
False,13.903885,-161.77197,123162,76561198113666193,ZywOo
False,14.036072,-163.0481,123163,76561198113666193,ZywOo
False,14.211853,-164.28027,123164,76561198113666193,ZywOo
False,14.38797,-165.51212,123165,76561198113666193,ZywOo
False,14.519806,-166.39206,123166,76561198113666193,ZywOo
False,14.739868,-167.53601,123167,76561198113666193,ZywOo
False,14.827759,-168.15228,123168,76561198113666193,ZywOo
False,15.003891,-168.72424,123169,76561198113666193,ZywOo
False,15.135727,-169.03221,123170,76561198113666193,ZywOo
False,15.2239685,-169.07616,123171,76561198113666193,ZywOo
False,15.311859,-169.07616,123172,76561198113666193,ZywOo
False,15.39975,-168.90002,123173,76561198113666193,ZywOo
False,15.487976,-168.54813,123174,76561198113666193,ZywOo
False,15.575867,-167.97615,123175,76561198113666193,ZywOo
False,15.663757,-167.22806,123176,76561198113666193,ZywOo
False,15.751984,-166.34811,123177,76561198113666193,ZywOo
False,15.839874,-165.336,123178,76561198113666193,ZywOo
False,15.927765,-164.19205,123179,76561198113666193,ZywOo
False,15.972061,-163.13599,123180,76561198113666193,ZywOo
False,16.016006,-161.90414,123181,76561198113666193,ZywOo
False,16.059952,-160.71591,123182,76561198113666193,ZywOo
False,16.103897,-158.60413,123183,76561198113666193,ZywOo
False,16.191788,-156.492,123184,76561198113666193,ZywOo
False,16.323975,-153.49994,123185,76561198113666193,ZywOo
False,16.45581,-150.02414,123186,76561198113666193,ZywOo
False,16.631927,-146.10786,123187,76561198113666193,ZywOo
False,16.763763,-141.79608,123188,76561198113666193,ZywOo
False,16.85199,-137.17598,123189,76561198113666193,ZywOo
False,16.93988,-133.2161,123190,76561198113666193,ZywOo
False,16.93988,-127.803955,123191,76561198113666193,ZywOo
False,16.85199,-122.964134,123192,76561198113666193,ZywOo
False,16.675873,-117.419815,123193,76561198113666193,ZywOo
False,16.411865,-112.53605,123194,76561198113666193,ZywOo
False,16.103897,-108.09208,123195,76561198113666193,ZywOo
False,15.663757,-103.20797,123196,76561198113666193,ZywOo
False,15.180023,-98.059845,123197,76561198113666193,ZywOo
False,14.695923,-93.35186,123198,76561198113666193,ZywOo
False,14.255798,-89.304085,123199,76561198113666193,ZywOo
False,13.683807,-84.860115,123200,76561198113666193,ZywOo
False,13.067902,-79.93206,123201,76561198113666193,ZywOo
False,12.627747,-76.80782,123202,76561198113666193,ZywOo
False,12.055786,-73.11195,123203,76561198113666193,ZywOo
False,11.615982,-70.64793,123204,76561198113666193,ZywOo
False,11.044006,-67.96383,123205,76561198113666193,ZywOo
False,10.559921,-65.93994,123206,76561198113666193,ZywOo
False,10.163727,-64.619865,123207,76561198113666193,ZywOo
False,9.855774,-64.18007,123208,76561198113666193,ZywOo
False,9.50386,-64.26796,123209,76561198113666193,ZywOo
False,9.108002,-65.10395,123210,76561198113666193,ZywOo
False,8.7118225,-66.38008,123211,76561198113666193,ZywOo
False,8.272018,-68.40397,123212,76561198113666193,ZywOo
False,7.8318787,-70.868,123213,76561198113666193,ZywOo
False,7.3477936,-73.81611,123214,76561198113666193,ZywOo
False,6.9079895,-76.71993,123215,76561198113666193,ZywOo
False,6.6000366,-78.96389,123216,76561198113666193,ZywOo
False,6.203842,-81.69193,123217,76561198113666193,ZywOo
False,5.895874,-83.93589,123218,76561198113666193,ZywOo
False,5.6318665,-85.82794,123219,76561198113666193,ZywOo
False,5.4557495,-87.36809,123220,76561198113666193,ZywOo
False,5.3239136,-88.59993,123221,76561198113666193,ZywOo
False,5.2799683,-89.524155,123222,76561198113666193,ZywOo
False,5.1917267,-90.49198,123223,76561198113666193,ZywOo
False,5.1477814,-91.54804,123224,76561198113666193,ZywOo
False,5.0598907,-92.6041,123225,76561198113666193,ZywOo
False,4.928055,-94.056015,123226,76561198113666193,ZywOo
False,4.7519226,-95.860176,123227,76561198113666193,ZywOo
False,4.487915,-97.971954,123228,76561198113666193,ZywOo
False,4.179962,-100.47993,123229,76561198113666193,ZywOo
False,3.7398071,-103.07613,123230,76561198113666193,ZywOo
False,3.2557373,-106.20003,123231,76561198113666193,ZywOo
False,2.771988,-109.059906,123232,76561198113666193,ZywOo
False,2.2439575,-112.31598,123233,76561198113666193,ZywOo
False,1.6719818,-115.440216,123234,76561198113666193,ZywOo
False,1.1000061,-118.47622,123235,76561198113666193,ZywOo
False,0.70381165,-120.54405,123236,76561198113666193,ZywOo
False,0.21972656,-122.8759,123237,76561198113666193,ZywOo
False,-0.043945312,-124.636116,123238,76561198113666193,ZywOo
False,-0.22006226,-125.91225,123239,76561198113666193,ZywOo
False,-0.30795288,-126.66,123240,76561198113666193,ZywOo
False,-0.35224915,-127.0562,123241,76561198113666193,ZywOo
False,-0.35224915,-127.23198,123242,76561198113666193,ZywOo
False,-0.30795288,-127.32021,123243,76561198113666193,ZywOo
False,-0.30795288,-127.32021,123244,76561198113666193,ZywOo
False,-0.30795288,-127.36416,123245,76561198113666193,ZywOo
False,-0.26400757,-127.36416,123246,76561198113666193,ZywOo
False,-0.26400757,-127.36416,123247,76561198113666193,ZywOo
False,-0.26400757,-127.408104,123248,76561198113666193,ZywOo
False,-0.26400757,-127.45205,123249,76561198113666193,ZywOo
False,-0.22006226,-127.495995,123250,76561198113666193,ZywOo
False,-0.22006226,-127.53994,123251,76561198113666193,ZywOo
False,-0.22006226,-127.53994,123252,76561198113666193,ZywOo
False,-0.22006226,-127.53994,123253,76561198113666193,ZywOo
False,-0.22006226,-127.53994,123254,76561198113666193,ZywOo
False,-0.22006226,-127.58423,123255,76561198113666193,ZywOo
False,-0.22006226,-127.628174,123256,76561198113666193,ZywOo
False,-0.22006226,-127.803955,123257,76561198113666193,ZywOo
False,-0.17611694,-128.11191,123258,76561198113666193,ZywOo
False,-0.17611694,-128.6839,123259,76561198113666193,ZywOo
False,-0.13217163,-129.69601,123260,76561198113666193,ZywOo
False,-0.13217163,-131.01608,123261,76561198113666193,ZywOo
False,-0.08822632,-132.68806,123262,76561198113666193,ZywOo
False,-0.08822632,-134.53616,123263,76561198113666193,ZywOo
False,-0.08822632,-136.38394,123264,76561198113666193,ZywOo
False,-0.08822632,-138.62823,123265,76561198113666193,ZywOo
False,-0.043945312,-141.04797,123266,76561198113666193,ZywOo
False,0.0,-143.24799,123267,76561198113666193,ZywOo
False,0.043945312,-145.27222,123268,76561198113666193,ZywOo
False,0.087890625,-146.81201,123269,76561198113666193,ZywOo
False,0.17578125,-148.52829,123270,76561198113666193,ZywOo
False,0.26400757,-149.9802,123271,76561198113666193,ZywOo
False,0.3958435,-151.30028,123272,76561198113666193,ZywOo
False,0.48373413,-152.40028,123273,76561198113666193,ZywOo
False,0.5280304,-153.41205,123274,76561198113666193,ZywOo
False,0.5280304,-154.2041,123275,76561198113666193,ZywOo
False,0.5280304,-155.0401,123276,76561198113666193,ZywOo
False,0.5280304,-155.83214,123277,76561198113666193,ZywOo
False,0.5280304,-156.58023,123278,76561198113666193,ZywOo
False,0.5280304,-157.28406,123279,76561198113666193,ZywOo
False,0.5280304,-157.89996,123280,76561198113666193,ZywOo
False,0.5280304,-158.56018,123281,76561198113666193,ZywOo
False,0.5280304,-159.30829,123282,76561198113666193,ZywOo
False,0.5719757,-160.14427,123283,76561198113666193,ZywOo
False,0.5719757,-161.06815,123284,76561198113666193,ZywOo
False,0.615921,-161.99203,123285,76561198113666193,ZywOo
False,0.615921,-162.78409,123286,76561198113666193,ZywOo
False,0.615921,-163.57613,123287,76561198113666193,ZywOo
False,0.5280304,-164.236,123288,76561198113666193,ZywOo
False,0.48373413,-164.5443,123289,76561198113666193,ZywOo
False,0.43978882,-164.72008,123290,76561198113666193,ZywOo
False,0.3958435,-164.76402,123291,76561198113666193,ZywOo
False,0.3958435,-164.76402,123292,76561198113666193,ZywOo
False,0.3518982,-164.76402,123293,76561198113666193,ZywOo
False,0.30795288,-164.80832,123294,76561198113666193,ZywOo
False,0.21972656,-164.85226,123295,76561198113666193,ZywOo
False,0.17578125,-164.89621,123296,76561198113666193,ZywOo
False,0.17578125,-164.89621,123297,76561198113666193,ZywOo
False,0.13183594,-164.94016,123298,76561198113666193,ZywOo
False,0.13183594,-164.9841,123299,76561198113666193,ZywOo
False,0.13183594,-164.9841,123300,76561198113666193,ZywOo
False,0.13183594,-164.9841,123301,76561198113666193,ZywOo
False,0.13183594,-164.9841,123302,76561198113666193,ZywOo
False,0.13183594,-164.94016,123303,76561198113666193,ZywOo
False,0.13183594,-164.76402,123304,76561198113666193,ZywOo
False,0.13183594,-164.36816,123305,76561198113666193,ZywOo
False,0.17578125,-163.35605,123306,76561198113666193,ZywOo
False,0.43978882,-161.77197,123307,76561198113666193,ZywOo
False,1.3640137,-157.94426,123308,76561198113666193,ZywOo
False,2.9477692,-151.82797,123309,76561198113666193,ZywOo
False,4.839813,-144.34799,123310,76561198113666193,ZywOo
False,7.7000427,-132.90814,123311,76561198113666193,ZywOo
False,10.647812,-120.104256,123312,76561198113666193,ZywOo
False,13.508026,-105.496216,123313,76561198113666193,ZywOo
False,15.927765,-91.5041,123314,76561198113666193,ZywOo
False,18.30391,-74.73999,123315,76561198113666193,ZywOo
False,20.239899,-56.65615,123316,76561198113666193,ZywOo
False,21.252014,-43.32425,123317,76561198113666193,ZywOo
False,21.86795,-27.880219,123318,76561198113666193,ZywOo
False,21.999786,-14.2842865,123319,76561198113666193,ZywOo
False,21.911896,-2.7122498,123320,76561198113666193,ZywOo
False,21.86795,5.340042,123321,76561198113666193,ZywOo
False,22.088013,10.223816,123322,76561198113666193,ZywOo
False,22.43991,11.720001,123323,76561198113666193,ZywOo
False,22.659988,11.807892,123324,76561198113666193,ZywOo
False,22.659988,11.807892,123325,76561198113666193,ZywOo
False,22.659988,11.807892,123326,76561198113666193,ZywOo
False,22.659988,11.807892,123327,76561198113666193,ZywOo
False,22.659988,11.807892,123328,76561198113666193,ZywOo
False,22.659988,11.807892,123329,76561198113666193,ZywOo
False,22.659988,11.807892,123330,76561198113666193,ZywOo
False,22.659988,11.807892,123331,76561198113666193,ZywOo
False,22.659988,11.807892,123332,76561198113666193,ZywOo
False,22.659988,11.807892,123333,76561198113666193,ZywOo
False,22.659988,11.807892,123334,76561198113666193,ZywOo
False,22.659988,11.807892,123335,76561198113666193,ZywOo
False,22.659988,11.807892,123336,76561198113666193,ZywOo
False,22.659988,11.807892,123337,76561198113666193,ZywOo
False,22.659988,11.631775,123338,76561198113666193,ZywOo
False,23.143738,12.3359375,123339,76561198113666193,ZywOo
False,24.639923,15.547714,123340,76561198113666193,ZywOo
False,27.191849,21.179932,123341,76561198113666193,ZywOo
False,29.567993,25.931854,123342,76561198113666193,ZywOo
False,33.351746,34.86374,123343,76561198113666193,ZywOo
False,35.947952,41.991806,123344,76561198113666193,ZywOo
False,38.851776,50.74791,123345,76561198113666193,ZywOo
False,41.27185,58.84381,123346,76561198113666193,ZywOo
False,43.2518,65.707855,123347,76561198113666193,ZywOo
False,44.703705,71.33972,123348,76561198113666193,ZywOo
False,45.671875,76.135925,123349,76561198113666193,ZywOo
False,46.507874,79.96399,123350,76561198113666193,ZywOo
False,47.035904,82.03183,123351,76561198113666193,ZywOo
False,47.387817,83.131836,123352,76561198113666193,ZywOo
False,47.563934,83.43979,123353,76561198113666193,ZywOo
False,47.739716,83.43979,123354,76561198113666193,ZywOo
False,47.915833,83.3519,123355,76561198113666193,ZywOo
False,48.091965,83.043945,123356,76561198113666193,ZywOo
False,48.267746,82.60379,123357,76561198113666193,ZywOo
False,48.487823,82.120056,123358,76561198113666193,ZywOo
False,48.707886,81.63599,123359,76561198113666193,ZywOo
False,49.01584,81.151886,123360,76561198113666193,ZywOo
False,49.323807,80.492004,123361,76561198113666193,ZywOo
False,49.72,79.74393,123362,76561198113666193,ZywOo
False,50.0719,78.90793,123363,76561198113666193,ZywOo
False,50.511703,78.07193,123364,76561198113666193,ZywOo
False,50.951843,77.059814,123365,76561198113666193,ZywOo
False,51.391983,75.87192,123366,76561198113666193,ZywOo
False,51.875732,74.63974,123367,76561198113666193,ZywOo
False,52.315857,73.32001,123368,76561198113666193,ZywOo
False,52.756012,72.043884,123369,76561198113666193,ZywOo
False,53.239746,70.50372,123370,76561198113666193,ZywOo
False,53.679886,68.743866,123371,76561198113666193,ZywOo
False,54.11969,66.89575,123372,76561198113666193,ZywOo
False,54.60376,64.783966,123373,76561198113666193,ZywOo
False,54.99997,62.6279,123374,76561198113666193,ZywOo
False,55.395813,60.16388,123375,76561198113666193,ZywOo
False,55.792007,57.523727,123376,76561198113666193,ZywOo
False,56.14392,54.839966,123377,76561198113666193,ZywOo
False,56.40793,51.935806,123378,76561198113666193,ZywOo
False,56.58371,48.72368,123379,76561198113666193,ZywOo
False,56.71588,45.24788,123380,76561198113666193,ZywOo
False,56.759827,42.388,123381,76561198113666193,ZywOo
False,56.759827,38.29593,123382,76561198113666193,ZywOo
False,56.759827,34.51184,123383,76561198113666193,ZywOo
False,56.71588,30.727722,123384,76561198113666193,ZywOo
False,56.58371,26.459885,123385,76561198113666193,ZywOo
False,56.363983,22.103806,123386,76561198113666193,ZywOo
False,56.099976,17.17575,123387,76561198113666193,ZywOo
False,55.74771,11.763947,123388,76561198113666193,ZywOo
False,55.351868,6.9237976,123389,76561198113666193,ZywOo
False,54.779892,0.49987793,123390,76561198113666193,ZywOo
False,54.11969,-6.4081116,123391,76561198113666193,ZywOo
False,53.239746,-13.536194,123392,76561198113666193,ZywOo
False,52.095795,-21.54419,123393,76561198113666193,ZywOo
False,51.259796,-27.660141,123394,76561198113666193,ZywOo
False,50.24768,-34.260178,123395,76561198113666193,ZywOo
False,49.19197,-40.02423,123396,76561198113666193,ZywOo
False,48.13591,-45.656097,123397,76561198113666193,ZywOo
False,47.123795,-50.716324,123398,76561198113666193,ZywOo
False,46.155975,-55.028114,123399,76561198113666193,ZywOo
False,45.099915,-59.252014,123400,76561198113666193,ZywOo
False,44.043854,-63.256187,123401,76561198113666193,ZywOo
False,42.943848,-66.95206,123402,76561198113666193,ZywOo
False,41.931732,-69.81228,123403,76561198113666193,ZywOo
False,40.612,-73.20019,123404,76561198113666193,ZywOo
False,39.115784,-76.36803,123405,76561198113666193,ZywOo
False,37.487762,-79.14036,123406,76561198113666193,ZywOo
False,35.815765,-81.64833,123407,76561198113666193,ZywOo
False,34.407806,-83.45215,123408,76561198113666193,ZywOo
False,32.77977,-85.168076,123409,76561198113666193,ZywOo
False,31.107788,-86.664276,123410,76561198113666193,ZywOo
False,29.655884,-87.76428,123411,76561198113666193,ZywOo
False,28.291855,-88.64422,123412,76561198113666193,ZywOo
False,27.323685,-89.26014,123413,76561198113666193,ZywOo
False,26.88388,-89.612045,123414,76561198113666193,ZywOo
False,26.839935,-89.78817,123415,76561198113666193,ZywOo
False,26.839935,-89.78817,123416,76561198113666193,ZywOo
False,26.839935,-89.78817,123417,76561198113666193,ZywOo
False,26.839935,-89.78817,123418,76561198113666193,ZywOo
False,26.839935,-89.78817,123419,76561198113666193,ZywOo
False,26.839935,-89.78817,123420,76561198113666193,ZywOo
False,26.839935,-89.78817,123421,76561198113666193,ZywOo
False,26.839935,-89.78817,123422,76561198113666193,ZywOo
False,26.839935,-89.78817,123423,76561198113666193,ZywOo
False,26.839935,-89.78817,123424,76561198113666193,ZywOo
False,26.839935,-89.78817,123425,76561198113666193,ZywOo
False,26.839935,-89.78817,123426,76561198113666193,ZywOo
False,26.839935,-89.78817,123427,76561198113666193,ZywOo
False,26.839935,-89.78817,123428,76561198113666193,ZywOo
False,26.839935,-89.78817,123429,76561198113666193,ZywOo
False,26.839935,-89.78817,123430,76561198113666193,ZywOo
False,26.839935,-89.78817,123431,76561198113666193,ZywOo
False,26.839935,-89.78817,123432,76561198113666193,ZywOo
False,26.839935,-89.78817,123433,76561198113666193,ZywOo
False,26.839935,-89.78817,123434,76561198113666193,ZywOo
False,26.839935,-89.78817,123435,76561198113666193,ZywOo
False,26.839935,-89.78817,123436,76561198113666193,ZywOo
False,26.839935,-89.78817,123437,76561198113666193,ZywOo
False,26.839935,-89.78817,123438,76561198113666193,ZywOo
False,26.839935,-89.78817,123439,76561198113666193,ZywOo
False,26.179733,-90.052185,123440,76561198113666193,ZywOo
False,25.299805,-90.84423,123441,76561198113666193,ZywOo
False,24.33197,-92.07607,123442,76561198113666193,ZywOo
False,23.45169,-93.57227,123443,76561198113666193,ZywOo
False,22.703934,-95.024185,123444,76561198113666193,ZywOo
False,21.911896,-96.65222,123445,76561198113666193,ZywOo
False,21.207733,-98.01624,123446,76561198113666193,ZywOo
False,20.503922,-99.160194,123447,76561198113666193,ZywOo
False,19.799774,-100.128365,123448,76561198113666193,ZywOo
False,19.095947,-100.964355,123449,76561198113666193,ZywOo
False,18.171722,-101.97613,123450,76561198113666193,ZywOo
False,17.33574,-102.90035,123451,76561198113666193,ZywOo
False,16.631927,-103.6924,123452,76561198113666193,ZywOo
False,16.103897,-104.08825,123453,76561198113666193,ZywOo
False,15.795929,-104.17614,123454,76561198113666193,ZywOo
False,15.39975,-104.132195,123455,76561198113666193,ZywOo
False,15.003891,-104.044304,123456,76561198113666193,ZywOo
False,14.695923,-103.95641,123457,76561198113666193,ZywOo
False,14.38797,-103.86818,123458,76561198113666193,ZywOo
False,14.123962,-103.78029,123459,76561198113666193,ZywOo
False,13.85994,-103.6924,123460,76561198113666193,ZywOo
False,13.683807,-103.64845,123461,76561198113666193,ZywOo
False,13.551971,-103.51627,123462,76561198113666193,ZywOo
False,13.3758545,-103.38444,123463,76561198113666193,ZywOo
False,13.199738,-103.12042,123464,76561198113666193,ZywOo
False,13.067902,-102.9443,123465,76561198113666193,ZywOo
False,12.935715,-102.68028,123466,76561198113666193,ZywOo
False,12.803879,-102.50416,123467,76561198113666193,ZywOo
False,12.759933,-102.37232,123468,76561198113666193,ZywOo
False,12.715988,-102.28443,123469,76561198113666193,ZywOo
False,12.715988,-102.240486,123470,76561198113666193,ZywOo
False,12.672043,-102.1962,123471,76561198113666193,ZywOo
False,12.672043,-102.10831,123472,76561198113666193,ZywOo
False,12.627747,-102.06436,123473,76561198113666193,ZywOo
False,12.627747,-102.06436,123474,76561198113666193,ZywOo
False,12.627747,-102.06436,123475,76561198113666193,ZywOo
False,12.627747,-102.06436,123476,76561198113666193,ZywOo
False,12.627747,-102.06436,123477,76561198113666193,ZywOo
False,12.627747,-102.06436,123478,76561198113666193,ZywOo
False,12.627747,-102.06436,123479,76561198113666193,ZywOo
False,12.627747,-102.06436,123480,76561198113666193,ZywOo
False,12.627747,-102.06436,123481,76561198113666193,ZywOo
False,12.627747,-102.06436,123482,76561198113666193,ZywOo
False,12.627747,-102.06436,123483,76561198113666193,ZywOo
False,12.627747,-102.06436,123484,76561198113666193,ZywOo
False,12.627747,-102.06436,123485,76561198113666193,ZywOo
False,12.627747,-102.06436,123486,76561198113666193,ZywOo
False,12.627747,-102.06436,123487,76561198113666193,ZywOo
False,12.627747,-102.02042,123488,76561198113666193,ZywOo
False,12.715988,-102.02042,123489,76561198113666193,ZywOo
False,12.803879,-101.97647,123490,76561198113666193,ZywOo
False,12.891769,-101.93218,123491,76561198113666193,ZywOo
False,12.935715,-101.93218,123492,76561198113666193,ZywOo
False,12.935715,-101.93218,123493,76561198113666193,ZywOo
False,12.935715,-101.93218,123494,76561198113666193,ZywOo
False,12.980011,-101.93218,123495,76561198113666193,ZywOo
False,12.980011,-101.93218,123496,76561198113666193,ZywOo
False,12.980011,-101.97647,123497,76561198113666193,ZywOo
False,12.980011,-102.10831,123498,76561198113666193,ZywOo
False,12.891769,-102.37232,123499,76561198113666193,ZywOo
False,12.715988,-102.90035,123500,76561198113666193,ZywOo
False,12.495911,-103.604164,123501,76561198113666193,ZywOo
False,12.144012,-104.572334,123502,76561198113666193,ZywOo
False,11.747818,-105.716286,123503,76561198113666193,ZywOo
False,11.395905,-106.77235,123504,76561198113666193,ZywOo
False,10.867889,-108.40038,123505,76561198113666193,ZywOo
False,10.515976,-109.544334,123506,76561198113666193,ZywOo
False,10.075836,-110.688286,123507,76561198113666193,ZywOo
False,9.723938,-111.7004,123508,76561198113666193,ZywOo
False,9.50386,-112.40456,123509,76561198113666193,ZywOo
False,9.195892,-113.06442,123510,76561198113666193,ZywOo
False,8.97583,-113.54851,123511,76561198113666193,ZywOo
False,8.800049,-113.988304,123512,76561198113666193,ZywOo
False,8.623932,-114.34021,123513,76561198113666193,ZywOo
False,8.403854,-114.69246,123514,76561198113666193,ZywOo
False,8.183777,-115.044365,123515,76561198113666193,ZywOo
False,7.9197693,-115.39627,123516,76561198113666193,ZywOo
False,7.6557617,-115.792465,123517,76561198113666193,ZywOo
False,7.3038483,-116.27621,123518,76561198113666193,ZywOo
False,6.951935,-116.80424,123519,76561198113666193,ZywOo
False,6.6000366,-117.33227,123520,76561198113666193,ZywOo
False,6.336029,-117.77241,123521,76561198113666193,ZywOo
False,6.159897,-118.08037,123522,76561198113666193,ZywOo
False,6.159897,-118.08037,123523,76561198113666193,ZywOo
False,6.159897,-118.08037,123524,76561198113666193,ZywOo
False,6.159897,-118.08037,123525,76561198113666193,ZywOo
False,6.159897,-118.08037,123526,76561198113666193,ZywOo
False,6.159897,-118.08037,123527,76561198113666193,ZywOo
False,6.159897,-118.08037,123528,76561198113666193,ZywOo
False,6.159897,-118.08037,123529,76561198113666193,ZywOo
False,6.159897,-118.08037,123530,76561198113666193,ZywOo
False,6.159897,-118.08037,123531,76561198113666193,ZywOo
False,6.159897,-118.08037,123532,76561198113666193,ZywOo
False,6.159897,-118.08037,123533,76561198113666193,ZywOo
False,6.159897,-118.08037,123534,76561198113666193,ZywOo
False,6.159897,-118.08037,123535,76561198113666193,ZywOo
False,6.159897,-118.08037,123536,76561198113666193,ZywOo
False,6.159897,-118.08037,123537,76561198113666193,ZywOo
False,6.159897,-118.12431,123538,76561198113666193,ZywOo
False,6.159897,-118.12431,123539,76561198113666193,ZywOo
False,6.1159515,-118.12431,123540,76561198113666193,ZywOo
False,6.1159515,-118.12431,123541,76561198113666193,ZywOo
False,6.1159515,-118.08037,123542,76561198113666193,ZywOo
False,6.072006,-118.03642,123543,76561198113666193,ZywOo
False,6.072006,-118.03642,123544,76561198113666193,ZywOo
